  ,Data    (dd/mm/aaaa),Hora local (hh:mm),Hora UTC (hh:mm),Tmáx (°C),Tmin (°C),Tar (°C),TH2O ev (°C),U2 (m/s),Direção do vento,Tar 2 (°C),Prp (mm/dia),Soma de Prp (mm/dia),pluv. alternativo (ml),Ev (mm),Ev (mm)*,Patm (mbar),Tmáx Real (ºC),Tmin Real (ºC),Tméd (ºC),esTU,ea,es,UR (%),Ev (mm/dia),Tanque,Evento,Visibilidade,Nuvem,Cobertura do céu,Observadores
quinta,01/01,09:00,12:00,"33,60","22,50","29,20","28,00",,L,,"3,00",,,"80,80",,,"33,60","22,50","28,05","37,80","36,84","40,52","90,91","5,91",,1,1,1,2,Joshuan
quinta,01/01,15:00,18:00,,,,,,,,,,,,,,,,,,,,,,,,,,,
Sexta,02/01,09:00,12:00,"33,80","22,70","28,60","27,20",,,,"13,75",,,"88,12",,,"33,80","22,70","28,25","36,07","34,95","39,14","89,30","6,43",,1,1,2,2,Joshuan
Sexta,02/01,15:00,18:00,,,,,,,,,,,,,,,,,,,,,,,,,,,
Sábado,03/01,09:00,12:00,"33,20","22,50","29,00","27,60",,N,,"8,50",,,"92,64",,,"33,20","22,50","27,85","36,92","35,80","40,05","89,39","3,98",,1,1,2,2,Leandro
Sábado,03/01,15:00,18:00,,,,,,,,,,,,,,,,,,,,,,,,,,,
Domingo,04/01,09:00,12:00,"33,40","23,10","28,60","27,80",,L,,"0,00",,,"89,76","86,32",,"33,40","23,10","28,25","37,36","36,72","39,14","93,82","2,88",,1,1,2,2,Leandro
Domingo,04/01,15:00,18:00,,,,,,,,,,,,,,,,,,,,,,,,,,,
Segunda,05/01,09:00,12:00,"34,00","22,70","28,80","27,60",,L,,"0,00",,,"83,68",,,"34,00","22,70","28,35","36,92","35,96","39,59","90,84","2,64",,1,1,1,2,Joshuan
Segunda,05/01,15:00,18:00,,,,,,,,,,,,,,,,,,,,,,,,,,,
Terça,06/01,09:00,12:00,"35,00","22,30","28,40","27,60",,L,,"14,00",,,"90,56",,,"35,00","22,30","28,65","36,92","36,28","38,68","93,79","7,12",,1,1,3,1,Murillo
Terça,06/01,15:00,18:00,"34,40",,"33,40","32,80",,N,,,,,,,,,,,"49,73","49,25","49,73","99,03",,,1,1,2,2,Sabrina
Quarta,07/01,09:00,12:00,"35,80","23,30","27,60","26,40",,S,,"5,00",,,"88,82",,,"35,80","23,30","29,55","34,41","33,45","36,92","90,60","6,74",,1,1,3,3,amanda
Quarta,07/01,15:00,18:00,,,"32,00","30,40",,NE,,,,,,,,,,,"43,41","42,13","43,41","97,05",,,1,1,1,2,Joshuan
Quinta,08/01,09:00,12:00,"33,20","23,40","28,20","25,80",,NE,,"0,25",,,"87,92",,,"33,20","23,40","28,30","33,22","31,30","38,24","81,85","1,15",,1,1,1,2,Amanda
Quinta,08/01,15:00,18:00,,,"30,80","28,20",,SO,,,,,,,,,,,"38,24","36,16","38,24","94,56",,,1,1,1,2,Joshuan
Sexta,09/01,09:00,12:00,"33,60","22,70","28,40","26,00",,N,,"37,25",,,"100,00","70,72",,"33,60","22,70","28,15","33,61","31,69","38,68","81,92",,,1,1,2,2,Leandro
Sexta,09/01,15:00,18:00,,,"31,40","29,80",,SO,,,,,,,,,,,"41,94","40,66","41,94","96,95",,,2,1,1,2,Joshuan
Sábado,10/01,09:00,12:00,"33,80","21,50","29,20","27,40",,NE,,"3,50",,,"68,18",,,"33,80","21,50","27,65","36,50","35,06","40,52","86,52","6,04",,1,1,2,2,AMANDA
Sábado,10/01,15:00,18:00,,,,,,,,,,,,,,,,,,,,,,,,,,,
Domingo,11/01,09:00,12:00,"33,60","23,10","28,40","27,00",,NE,,"1,25",,,"65,84",,,"33,60","23,10","28,35","35,65","34,53","38,68","89,26","3,59",,1,1,2,2,AMANDA
Domingo,11/01,15:00,18:00,,,,,,,,,,,,,,,,,,,,,,,,,,,
Segunda,12/01,09:00,12:00,"33,20","23,00","29,00","27,00",,L,,"5,50",,,"68,80",,,"33,20","23,00","28,10","35,65","34,05","40,05","85,01","2,54",,1,1,1,2,Leadro
Segunda,12/01,15:00,18:00,,,,,,,,,,,,,,,,,,,,,,,,,,,
Terça,13/01,09:00,12:00,"34,20","33,20","28,80","27,40",,NE,,"2,00",,,"64,54",,,"34,20","33,20","33,70","36,50","35,38","39,59","89,35","6,26",,1,1,2,2,Murillo
Terça,13/01,15:00,18:00,,,"28,00","27,00",,N,,,,,,,,,,,"35,65","34,85","35,65","97,76",,,1,1,1,3,Sabrina
Quarta,14/01,09:00,12:00,"33,20","23,80","28,40","27,00",,NE,,"3,00",,,"65,42",,,"33,20","23,80","28,50","35,65","34,53","38,68","89,26","2,12",,1,2,3,3,AMANDA
Quarta,14/01,15:00,18:00,,,"32,00","29,20",,L,,,,,,,,,,,"40,52","38,28","40,52","94,47",,,1,1,1,3,Joshuan
Quinta,15/01,09:00,12:00,"33,60","22,40","26,60","25,80",,NE,,"3,50",,,"63,68",,,"33,60","22,40","28,00","33,22","32,58","34,82","93,55","5,24",,1,2,3,3,AMANDA
Quinta,15/01,15:00,18:00,,,"29,80","28,20",,NE,,,,,,,,,,,"38,24","36,96","38,24","96,65",,,1,1,1,2,Joshuan
Sexta,16/01,09:00,12:00,"33,20","23,40","29,20","27,80",,L,,"0,00",,,"62,78",,,"33,20","23,40","28,30","37,36","36,24","40,52","89,44","0,90",,1,1,2,2,Leo
Sexta,16/01,15:00,18:00,,,"33,00","30,80",,SE,,,,,,,,,,,"44,41","42,65","44,41","96,04",,,,,,,Ju
Sábado,17/01,09:00,12:00,"34,20","24,10","29,00","27,80",,NE,,"5,00",,,"62,08",,,"34,20","24,10","29,15","37,36","36,40","40,05","90,87","5,70",,1,1,1,3,Ju
Sábado,17/01,15:00,18:00,,,,,,,,,,,,,,,,,,,,,,,,,,,
Domingo,18/01,09:00,12:00,"33,60","24,90","26,60","25,80",,NO,,"3,50",,,"63,18",,,"33,60","24,90","29,25","33,22","32,58","34,82","93,55","2,40",,1,2,3,3,Amanda
Domingo,18/01,15:00,18:00,,,,,,,,,,,,,,,,,,,,,,,,,,,
Segunda,19/01,09:00,12:00,"33,80","23,90","27,80","27,00",,L,,"3,00",,,"64,80",,,"33,80","23,90","28,85","35,65","35,01","37,36","93,72","1,38",,1,1,1,3,Leandro
Segunda,19/01,15:00,18:00,"32,00",,"26,60","25,80",,S ,,,,,,,,,,,"33,22","32,58","33,22","98,07",,,1,1,1,2,Leandro
Terça,20/01,09:00,12:00,"33,00","23,00","27,60","26,60",,S,,"8,00",,,"65,40",,,"33,00","23,00","28,00","34,82","34,02","36,92","92,14","7,40",,1,1,1,2,Amanda
Terça,20/01,15:00,18:00,"32,60",,"31,20","29,20",,L,,,,,,,,,,,"40,52","38,92","40,52","96,05",,,1,1,2,2,Sabrina
Quarta,21/01,09:00,12:00,"33,00","23,50","29,40","28,20",,L,,"0,00",,,"59,16",,,"33,00","23,50","28,25","38,24","37,28","40,99","90,95","6,24",,1,1,2,2,Murillo
Quarta,21/01,15:00,18:00,,,"30,00","29,80",,NO,,,,,,,,,,,"41,94","41,78","41,94","99,62",,,2,1,1,2,Joshuan
Quinta,22/01,09:00,12:00,"33,00","23,60","26,20","25,80",,L,,"2,75",,,"60,36",,,"33,00","23,60","28,30","33,22","32,90","34,01","96,72","1,55",,1,1,3,3,Murillo
Quinta,22/01,15:00,18:00,,,"31,60","30,00",,S,,,,,,,,,,,"42,43","41,15","42,43","96,98",,,1,1,1,2,Joshuan
Sexta,23/01,09:00,12:00,"33,00","24,80","27,80","27,20",,L,,"8,00",,,"66,38",,,"33,00","24,80","28,90","36,07","35,59","37,36","95,27","1,98",,1,1,3,2,leandro
Sexta,23/01,15:00,18:00,,,"29,20","28,20",,L,,,,,,,,,,,"38,24","37,44","38,24","97,91",,,1,1,1,2,Joshuan
Sábado,24/01,09:00,12:00,"32,00","24,30","26,00","25,60",,O,,"0,00",,,"62,78","74,72",,"32,00","24,30","28,15","32,82","32,50","33,61","96,71","3,60",,1,1,1,3,Joshuan
Sábado,24/01,15:00,18:00,,,,,,,,,,,,,,,,,,,,,,,,,,,
Domingo,25/01,09:00,12:00,"32,40","24,00","28,60","27,80",,SE,,"0,00",,,"70,80",,,"32,40","24,00","28,20","37,36","36,72","39,14","93,82","3,92",,1,1,1,2,Joshuan
Domingo,25/01,15:00,18:00,,,,,,,,,,,,,,,,,,,,,,,,,,,
Segunda,26/01,09:00,12:00,"35,40","24,10","28,80","27,80",,L,,"13,00",,,"75,48",,,"35,40","24,10","29,75","37,36","36,56","39,59","92,34","8,32",,1,1,2,2,Leandro
Segunda,26/01,15:00,18:00,,,"24,80","24,20",,N,,,,,,,,,,,"30,20","29,72","30,20","98,41",,,3,1,3,3,Juliane
Terça,27/01,09:00,12:00,"33,40","23,50","27,80","27,00",,NO,,"28,00",,,"95,10","72,74",,"33,40","23,50","28,45","35,65","35,01","37,36","93,72","8,38",,1,1,1,2,Joshuan
Terça,27/01,15:00,18:00,,,"23,80","23,40",,L,,,,,,,,,,,"28,78","28,46","28,78","98,89",,,2,1,1,3,
Quarta,28/01,09:00,12:00,"29,80","22,90","25,40","24,80",,L,,"35,25",,,"95,84","72,32",,"29,80","22,90","26,35","31,30","30,82","32,44","95,01","12,15",,1,3,3,3,Amanda
Quarta,28/01,15:00,18:00,,,"30,20","29,40",,L,,,,,,,,,,,"40,99","40,35","40,99","98,44",,,1,1,1,2,Joshuan
Quinta,29/01,09:00,12:00,"32,20","23,00","27,40","26,00",,L,,"0,00",,,"69,40",,,"32,20","23,00","27,60","33,61","32,49","36,50","89,03","2,92",,1,3,3,3,Amanda
Quinta,29/01,15:00,18:00,,,"32,60","31,80",,L,,,,,,,,,,,"47,01","46,37","47,01","98,64",,,1,1,1,2,Joshuan
Sexta,30/01,09:00,12:00,"33,60","22,60","28,40","27,60",,L,,"1,25",,,"64,22",,,"33,60","22,60","28,10","36,92","36,28","38,68","93,79","6,43",,1,1,2,2,Leandro
Sexta,30/01,15:00,18:00,,,"31,00","30,00",,O,,,,,,,,,,,"42,43","41,63","42,43","98,11",,,1,2,3,3,Amanda
Sábado,31/01,09:00,12:00,"33,00","23,30","28,20","27,20",,SE,,"7,50",,,"68,28",,,"33,00","23,30","28,15","36,07","35,27","38,24","92,24","3,44",,1,1,2,2,jULIANE
Sábado,31/01,15:00,18:00,,,,,,,,,,,,,,,,,,,,,,,,,,,
Domingo,01/02,09:00,12:00,"33,00","23,00","29,00","28,00",,L,,"7,50",,,"70,26",,,"33,00","23,00","28,00","37,80","37,00","40,05","92,37","5,52",,1,1,1,2,Leandro
Domingo,01/02,15:00,18:00,,,,,,,,,,,,,,,,,,,,,,,,,,,
Segunda,02/02,09:00,12:00,"34,20","24,50","29,40","28,20",,N,,"0,00",,,"66,90",,,"34,20","24,50","29,35","38,24","37,28","40,99","90,95","3,36",,1,1,2,2,Leandro
Segunda,02/02,15:00,18:00,,,,,,,,,,,,,,,,,,,,,,,,,,,
Terça,03/02,09:00,12:00,"33,00","23,40","29,40","28,20",,NE,,"7,25",,,"70,08",,,"33,00","23,40","28,20","38,24","37,28","40,99","90,95","4,07",,1,1,2,2,Murillo
Terça,03/02,15:00,18:00,,,"31,40","30,00",,O,,,,,,,,,,,"42,43","41,31","45,95","89,89",,,1,1,2,2,Murillo
Quarta,04/02,09:00,12:00,"33,20","24,30","28,60","27,80",,L,,"0,00",,,"67,74",,,"33,20","24,30","28,75","37,36","36,72","39,14","93,82","2,34",,1,1,1,2,Joshuan
Quarta,04/02,15:00,18:00,,,,,,,,,,,,,,,,,,,,,,,,,,,
Quinta,05/02,09:00,12:00,"33,80","24,10","27,40","26,60",,L,,"4,00",,,"65,56",,,"33,80","24,10","28,95","34,82","34,18","36,50","93,66","6,18",,1,2,2,2,Amanda
Quinta,05/02,15:00,18:00,"32,40",,"30,40","29,60",,L,,,,,,,,,,,"41,46","40,82","43,41","94,04",,,1,1,1,3,Leandro
Sexta,06/02,09:00,12:00,"32,40","24,80","28,40","27,80",,L,,"0,00",,,"64,56",,,"32,40","24,80","28,60","37,36","36,88","38,68","95,33","1,00",,1,1,1,2,Leandro
Sexta,06/02,15:00,18:00,,,,,,,,,,,,,,,,,,,,,,,,,,,
Sábado,07/02,09:00,12:00,"32,00","24,40","29,40","28,20",,N,,"40,00",,,"93,30",,,"32,00","24,40","28,20","38,24","37,28","40,99","90,95","11,26",,1,2,2,2,AMANDA
Sábado,07/02,15:00,18:00,,,,,,,,,,,,,,,,,,,,,,,,,,,
Domingo,08/02,09:00,12:00,"32,00","23,00","24,60","24,20",,N,,"53,75",,,"100,00","72,82",,"32,00","23,00","27,50","30,20","29,88","30,93","96,60","0,00",,1,1,2,2,Leandro
Domingo,08/02,15:00,18:00,,,,,,,,,,,,,,,,,,,,,,,,,,,
Segunda,09/02,09:00,12:00,"31,00","22,30","25,00","24,60",,N,,"0,00",,,"73,38",,,"31,00","22,30","26,65","30,93","30,61","31,67","96,63","0,56",,1,1,3,2,Amanda
Segunda,09/02,15:00,18:00,"32,80",,"28,6","28,00",,NO,,,,,,,,,,,"37,80","37,32","39,14","95,35",,,2,1,1,3,Leandro
Terça,10/02,09:00,12:00,"32,80","22,40","26,60","26,00",,SE,,"35,75",,,"100,00","73,25",,"32,80","22,40","27,60","33,61","33,13","34,82","95,14","9,13",,1,1,2,1,Amanda
Terça,10/02,15:00,18:00,"33,00",,"32,40","31,80",,L,,,,,,,,,,,"47,01","46,53","48,63","95,68",,,1,1,1,2,Sabrina
Quarta,11/02,09:00,12:00,"34,00","23,20","28,80","27,20",,NE,,"0,00",,,"65,50",,,"34,00","23,20","28,60","36,07","34,79","39,59","87,87","7,75",,1,1,2,2,Murillo
Quarta,11/02,15:00,18:00,,,"29,20","28,80",,O,,,,,,,,,,,"39,59","39,27","40,52","96,93",,,1,1,1,2,Joshuan
Quinta,12/02,09:00,12:00,"33,00","24,40","27,60","27,40",,NE,,"33,75",,,"100,00","72,28",,"33,00","24,40","28,70","36,50","36,34","36,92","98,40","0,00",,1,2,3,3,Amanda
Quinta,12/02,15:00,18:00,,,"27,40","26,80",,L,,,,,,,,,,,"35,23","34,75","36,50","95,23",,,1,1,2,3,jOSHUAN
Sexta,13/02,09:00,12:00,"31,20","23,10","28,40","27,40",,NE,,"14,25",,,"100,00","72,80",,"31,20","23,10","27,15","36,50","35,70","38,68","92,27","0,00",,1,2,3,3,Amanda
Sexta,13/02,15:00,18:00,,,"26,60","26,00",,L,,,,,,,,,,,"33,61","33,13","34,82","95,14",,,2,1,2,3,jOSHUAN
Sábado,14/02,09:00,12:00,"31,60","24,00","24,80","24,60",,L,,"5,25",,,"65,80",,,"31,60","24,00","27,80","30,93","30,77","31,30","98,30","12,25",,2,2,3,3,Murillo
Sábado,14/02,15:00,18:00,,,,,,,,,,,,,,,,,,,,,,,,,,,
Domingo,15/02,09:00,12:00,"33,00","23,10","26,60","25,80",,NE,,"15,75",,,"76,84",,,"31,60","23,10","27,35","33,22","32,58","34,82","93,55","4,71",,1,1,3,2,Joshuan
Domingo,15/02,15:00,18:00,,,,,,,,,,,,,,,,,,,,,,,,,,,
Segunda,16/02,09:00,12:00,"32,80","23,80","28,20","28,00",,L,,"3,25",,,"74,20",,,"33,00","23,80","28,40","37,80","37,64","38,24","98,42","5,89",,1,1,2,2,Murillo
Segunda,16/02,15:00,18:00,,,,,,,,,,,,,,,,,,,,,,,,,,,
Terça,17/02,09:00,12:00,"31,80","23,90","28,40","28,00",,NE,,"0,00",,,"70,12",,,"32,80","23,90","28,35","37,80","37,48","38,68","96,87","4,08",,1,1,2,2,Juliane
Terça,17/02,15:00,18:00,,,,,,,,,,,,,,,,,,,,,,,,,,,
Quarta,18/02,09:00,12:00,"32,00","22,70","28,20","28,00",,NE,,"72,25",,,"100,00","67,20",,"31,80","22,70","27,25","37,80","37,64","38,24","98,42","42,37",,3,3,3,3,Amanda
Quarta,18/02,15:00,18:00,,,,,,,,,,,,,,,,,,,,,,,,,,,
Quinta,19/02,09:00,12:00,"31,00","22,30","29,00","28,40",,NE,,"0,25",,,"58,60",,,"32,00","22,30","27,15","38,68","38,20","40,05","95,39","8,85",,1,1,2,1,Amanda
Quinta,19/02,15:00,18:00,,,"27,10","26,60",,NE,,,,,,,,,,,"34,82","34,42","35,86","95,99",,,3,1,1,3,Breno
Sexta,20/02,09:00,12:00,"33,20","22,80","28,60","27,60",,L,,"28,75",,,"79,28",,,"31,00","22,80","26,90","36,92","36,12","39,14","92,30","8,07",,1,1,1,2,Sabrina
Sexta,20/02,15:00,18:00,,,"25,80","25,60",,NE,,,,,,,,,,,"32,82","32,66","33,22","98,34",,,2,1,1,3,Juliane
Sábado,21/02,09:00,12:00,"32,40","23,00","28,80","26,40",,SO,,"1,00",,,"75,14","77,64",,"33,20","23,00","28,10","34,41","32,49","39,59","82,07","5,14",,1,1,1,2,Juliane
Sábado,21/02,15:00,18:00,,,,,,,,,,,,,,,,,,,,,,,,,,,
Domingo,22/02,09:00,12:00,"32,60","23,40","29,20","26,00",,L,,"2,75",,,"77,80",,,"32,40","23,40","27,90","33,61","31,05","40,52","76,64","2,59",,1,1,2,2,Juliane
Domingo,22/02,15:00,18:00,,,,,,,,,,,,,,,,,,,,,,,,,,,
Segunda,23/02,09:00,12:00,"31,60","23,60","27,40","25,60",,SE,,"40,00",,,"100,00","78,32",,"32,60","23,60","28,10","32,82","31,38","36,50","86,00",,,1,1,1,2,juliane
Segunda,23/02,15:00,18:00,,,"28,20","25,60",,L,,,,,,,,,,,"32,82","30,74","38,24","80,40",,,1,1,1,2,Juliane
Terça,24/02,09:00,12:00,"31,00","23,50","27,60","26,20",,L,,"31,75",,,"100,00","70,00",,"31,60","23,50","27,55","34,01","32,89","36,92","89,08",,,1,1,1,3,Sabrina 
Terça,24/02,15:00,18:00,"30,40",,"29,20","26,20",,L,,,,,,,,,,,"34,01","31,61","40,52","78,02",,,1,1,3,2,Sabrina 
Quarta,25/02,09:00,12:00,"31,00","24,00","28,60","26,40",,L,,"35,50",,,"94,80",,,"31,00","24,00","27,50","34,41","32,65","39,14","83,44","10,70",,1,1,2,2,Juliane
Quarta,25/02,15:00,18:00,"30,80",,"27,60","26,00",,L,,,,,,,,,,,"33,61","32,33","36,92","87,56",,,1,1,3,2,Sabrina
Quinta,26/02,09:00,12:00,"31,00","25,60","26,00","24,60",,L,,"8,00",,,"98,32",,,"31,00","25,60","28,30","30,93","29,81","33,61","88,68","4,48",,1,1,3,2,Sabrina
Quinta,26/02,15:00,18:00,,,"28,80","25,80",,L,,,,,,,,,,,"33,22","30,82","39,59","77,83",,,1,1,1,2,Juliane
Sexta,27/02,09:00,12:00,"29,80","24,10","25,60","24,20",,NE,,"0,00",,,"93,42",,,"31,00","24,10","27,55","30,20","29,08","32,82","88,58","4,90",,1,1,1,3,Juliane
Sexta,27/02,15:00,18:00,,,"29,20","26,20",,O,,,,,,,,,,,"34,01","31,61","40,52","78,02",,,1,1,1,3,Juliane
Sábado,28/02,09:00,12:00,"29,90","23,20","25,20","24,40",,L,,"19,25",,,"100,00","67,38",,"29,80","23,20","26,50","30,56","29,92","32,05","93,34",,,2,2,1,3,Juliane
Sábado,28/02,15:00,18:00,,,,,,,,,,,,,,,,,,,,,,,,,,,
Domingo,01/03,09:00,12:00,"27,20","23,60","27,00","25,40",,NE,,"53,50",,,"100,00","71,56",,"29,90","23,60","26,75","32,44","31,16","35,65","87,40",,,1,1,1,3,Juliane
Domingo,01/03,15:00,18:00,,,,,,,,,,,,,,,,,,,,,,,,,,,
Segunda,02/03,09:00,12:00,"30,60","24,02","26,20","25,20",,L,,"4,25",,,"71,12",,,"27,20","24,02","25,61","32,05","31,25","34,01","91,90","4,69",,2,1,3,3,Sabrina
Segunda,02/03,15:00,18:00,,,"26,00","25,00",,NE,,,,,,,,,,,"31,67","30,87","33,61","91,86",,,2,1,1,3,Juliane
Terça,03/03,09:00,12:00,"30,60","24,20","27,00","25,60",,O,,"3,00",,,"73,20",,,"30,60","24,20","27,40","32,82","31,70","35,65","88,93","0,92",,1,1,2,2,Murillo
Terça,03/03,15:00,18:00,"29,20",,"27,00","25,80",,O,,,,,,,,,,,"33,22","32,26","35,65","90,48",,,2,1,3,3,Sabrina
Quarta,04/03,09:00,12:00,"29,20","23,90","26,60","25,40",,L,,"56,75",,,"100,00","75,20",,"30,60","23,90","27,25","32,44","31,48","34,82","90,40",,,1,1,2,2,Sabrina
Quarta,04/03,15:00,18:00,,,"27,20","25,60",,N,,,,,,,,,,,"32,82","31,54","36,07","87,45",,,1,1,1,3,Juliane
Quinta,05/03,09:00,12:00,"30,00","23,70","25,40","24,80",,L,,"42,00",,,"100,00","73,62",,"29,20","23,70","26,45","31,30","30,82","32,44","95,01",,,1,1,2,2,Sabrina
Quinta,05/03,15:00,18:00,,,"25,80","24,80",,L,,,,,,,,,,,"31,30","30,50","33,22","91,82",,,2,1,1,3,Sabrina
Sexta,06/03,09:00,12:00,"31,20","23,50","26,60","25,40",,NE,,"48,75",,,"100,00","68,48",,"30,00","23,50","26,75","32,44","31,48","34,82","90,40",,,1,1,1,2,Juliane
Sexta,06/03,15:00,18:00,,,"27,20","25,20",,L,,,,,,,,,,,"32,05","30,45","36,07","84,43",,,1,1,1,2,Juliane
Sábado,07/03,09:00,12:00,"32,60","23,80","27,60","26,00",,L,,"8,00",,,"74,24",,,"31,20","23,80","27,50","33,61","32,33","36,92","87,56","2,24",,1,1,2,2,Murillo
Sábado,07/03,15:00,18:00,,,,,,,,,,,,,,,,,,,,,,,,,,,
Domingo,08/03,09:00,12:00,"32,80","24,10","27,80","26,20",,L,,"5,75",,,"75,54",,,"32,60","24,10","28,35","34,01","32,73","37,36","87,61","4,45",,1,1,2,2,Murillo
Domingo,08/03,15:00,18:00,,,,,,,,,,,,,,,,,,,,,,,,,,,
Segunda,09/03,09:00,12:00,"33,00","23,70","29,40","26,40",,L,,"1,75",,,"72,70",,,"32,80","23,70","28,25","34,41","32,01","40,99","78,11","4,59",,1,1,3,2,Sabrina
Segunda,09/03,15:00,18:00,,,"33,20","28,00",,O,,,,,,,,,,,"37,80","33,64","50,86","66,13",,,1,1,2,2,Murillo
Terça,10/03,09:00,12:00,"34,00","24,60","29,00","26,20",,L,,"0,75",,,"70,68",,,"33,00","24,60","28,80","34,01","31,77","40,05","79,32","2,77",,1,1,2,2,Murillo
Terça,10/03,15:00,18:00,,,"31,00","26,20",,L,,,,,,,,,,,"34,01","30,17","44,92","67,16",,,1,1,2,2,Juliane
Quarta,11/03,09:00,12:00,"31,80","23,50","27,20","25,60",,L,,"15,25",,,"78,40",,,"34,00","23,50","28,75","32,82","31,54","36,07","87,45","7,53",,1,1,3,2,Sabrina
Quarta,11/03,15:00,18:00,,,"32,00","27,40",,N,,,,,,,,,,,"36,50","32,82","47,54","69,02",,,1,1,1,2,Josh
Quinta,12/03,09:00,12:00,"33,20","24,00","29,00","26,40",,NE,,"14,00",,,"86,79",,,"31,80","24,00","27,90","34,41","32,33","40,05","80,73","5,61",,1,1,1,3,Juliane
Quinta,12/03,15:00,18:00,,,"25,60","24,80",,L,,,,,,,,,,,"31,30","30,66","32,82","93,40",,,1,1,1,3,Juliane
Sexta,13/03,09:00,12:00,"32,20","24,40","29,20","26,60",,L,,"13,75",,,"100,00","74,05",,"33,20","24,40","28,80","34,82","32,74","40,52","80,81",,,1,1,2,2,Juliane
Sexta,13/03,15:00,18:00,,,"26,40","25,20",,L,,,,,,,,,,,"32,05","31,09","34,41","90,35",,,2,1,1,3,Juliane
Sábado,14/02,09:00,12:00,"30,60","23,90","28,80","26,20",,L,,"8,50",,,"80,55",,,"32,20","23,90","28,05","34,01","31,93","39,59","80,65","2,00",,1,1,1,2,Juliane
Sábado,14/03,15:00,18:00,,,,,,,,,,,,,,,,,,,,,,,,,,,
Domingo,15/03,09:00,12:00,"31,80","24,30","26,60","25,60",,N,,"41,75",,,"100,00","69,65",,"30,60","24,30","27,45","32,82","32,02","34,82","91,97","-58,25",,1,1,1,3,Juliane
Domingo,15/03,15:00,18:00,,,,,,,,,,,,,,,,,,,,,,,,,,,
Segunda,16/03,09:00,12:00,"32,40","24,50","25,20","24,80",,N,,"36,25",,,"100,00","84,62",,"31,80","24,50","28,15","31,30","30,98","32,05","96,65",,,3,2,3,3,Amanda
Segunda,16/03,15:00,18:00,,,,,,,,,,,,,,,,,,,,,,,,,,,
Terça,17/03,09:00,12:00,"30,40","24,10","27,20","26,00",,N,,"37,75",,,"100,00","73,56",,"32,40","24,10","28,25","33,61","32,65","36,07","90,52",,,3,3,3,3,Murillo
Terça,17/03,15:00,18:00,,,,,,,,,,,,,,,,,,,,,,,,,,,
Quarta,18/03,09:00,12:00,"29,80","23,60","27,00","25,40",,N,,"11,00",,,"82,00",,,"30,40","23,60","27,00","32,44","31,16","35,65","87,40","2,56",,1,3,3,3,Amanda
Quarta,18/03,15:00,18:00,,,,,,,,,,,,,,,,,,,,,,,,,,,
Quinta,19/03,09:00,12:00,"33,40","24,60","26,80","25,20",,N,,"1,75",,,"77,56",,,"29,80","24,60","27,20","32,05","30,77","35,23","87,34","6,19",,1,2,3,2,Amanda
Quinta,19/03,15:00,18:00,,,,,,,,,,,,,,,,,,,,,,,,,,,
Sexta,20/03,09:00,12:00,"32,80","23,80","26,80","25,20",,N,,"2,50",,,"76,92",,,"33,40","23,80","28,60","32,05","30,77","35,23","87,34","3,14",,1,3,3,3,Amanda
Sexta,20/03,15:00,18:00,,,,,,,,,,,,,,,,,,,,,,,,,,,
Sábado,21/03,09:00,12:00,"31,80","22,80","24,80","23,60",,S,,"76,25",,,"100,00","67,90",,"32,80","22,80","27,80","29,13","28,17","31,30","89,99",,,1,3,2,3,Amanda
Sábado,21/03,15:00,18:00,,,,,,,,,,,,,,,,"0,00",,,,,,,,,,,
Domingo,22/03,09:00,12:00,"33,40","23,30","28,80","26,00",,Ne,,"0,00",,,"62,92",,,"31,80","23,30","27,55","33,61","31,37","39,59","79,24","4,98",,1,1,1,1,Amanda
Domingo,22/03,15:00,18:00,,,,,,,,,,,,,,,,,,,,,,,,,,,
Segunda,23/03,09:00,12:00,"33,00","23,30","29,40","26,20",,L,,"19,25",,,"74,46",,,"33,40","23,30","28,35","34,01","31,45","40,99","76,73","7,71",,1,1,2,2,Murillo
Segunda,23/03,15:00,18:00,,,,,,,,,,,,,,,,,,,,,,,,,,,
Terça,24/03,09:00,12:00,"32,60","24,00","28,20","26,20",,L,,"2,25",,,"73,42",,,"33,00","24,00","28,50","34,01","32,41","38,24","84,76","3,29",,1,2,2,2,Murillo
Terça,24/03,15:00,18:00,,,,,,,,,,,,,,,,,,,,,,,,,,,
Quarta,25/03,09:00,12:00,"31,40","22,40","25,40","24,00",,L,,"4,25",,,"74,10",,,"32,60","22,40","27,50","29,84","28,72","32,44","88,53","3,57",,1,1,2,2,Murillo
Quarta,25/03,15:00,18:00,,,,,,,,,,,,,,,,,,,,,,,,,,,
Quinta,26/03,09:00,12:00,"33,00","23,20","29,20","26,40",,L,,"31,50",,,"100,00","72,12",,"31,40","23,20","27,30","34,41","32,17","40,52","79,41","5,60",,1,1,2,2,Murillo
Quinta,26/03,15:00,18:00,,,,,,,,,,,,,,,,,,,,,,,,,,,
Sexta,27/03,09:00,12:00,"34,40","24,40","28,80","25,00",,L,,"0,00",,,"70,00",,,"33,00","24,40","28,70","31,67","28,63","39,59","72,32","2,12",,1,1,2,2,Murillo
Sexta,27/03,15:00,18:00,,,,,,,,,,,,,,,,,,,,,,,,,,,
Sábado,28/03,09:00,12:00,"33,40","24,30","28,60","26,20",,NE,,"0,00",,,"64,66",,,"34,40","24,30","29,35","34,01","32,09","39,14","82,00","5,34",,1,1,2,2,Murillo
Sábado,28/03,15:00,18:00,,,,,,,,,,,,,,,,,,,,,,,,,,,
Domingo,29/03,09:00,12:00,"33,00","24,80","26,40","25,00",,ne,,"9,00",,,"71,60",,,"33,40","24,80","29,10","31,67","30,55","34,41","88,79","2,06",,1,1,3,3,Amanda
Domingo,29/03,15:00,18:00,,,,,,,,,,,,,,,,,,,,,,,,,,,
Segunda,30/03,09:00,12:00,"33,40","23,80","28,40","26,20",,s,,"43,75",,,"100,00","86,80",,"33,00","23,80","28,40","34,01","32,25","38,68","83,37",,,1,2,2,2,Amanda
Segunda,30/03,15:00,18:00,,,,,,,,,,,,,,,,,,,,,,,,,,,
Terça,31/03,09:00,12:00,"33,80","24,00","25,60","24,40",,L,,"1,75",,,"85,78",,,"33,40","24,00","28,70","30,56","29,60","32,82","90,18","2,77",,1,2,2,2,Murillo
Terça,31/03,15:00,18:00,,,,,,,,,,,,,,,,,,,,,,,,,,,
Quarta,01/04,09:00,12:00,"32,00","24,20","28,60","26,00",,NE,,"15,00",,,"100,00","75,62",,"33,80","24,20","29,00","33,61","31,53","39,14","80,57",,,1,1,2,2,Murillo
Quarta,01/04,15:00,18:00,,,,,,,,,,,,,,,,,,,,,,,,,,,
Quinta,02/04,09:00,12:00,"32,40","23,60","27,20","25,40",,L,,"32,50",,,"100,00","72,06",,"32,00","23,60","27,80","32,44","31,00","36,07","85,94",,,1,1,2,2,Murillo
Quinta,02/04,15:00,18:00,,,,,,,,,,,,,,,,,,,,,,,,,,,
Sexta,03/04,09:00,12:00,"30,40","22,90","28,60","24,80",,SE,,"0,00",,,"69,48",,,"32,40","22,90","27,65","31,30","28,26","39,14","72,21","2,58",,1,1,3,1,Juliane
Sexta,03/04,15:00,18:00,,,,,,,,,,,,,,,,,,,,,,,,,,,
Sábado,04/04,09:00,12:00,"34,60","24,30","29,40","26,60",,NE,,"11,25",,,"73,34",,,"30,40","24,30","27,35","34,82","32,58","40,99","79,49","7,39",,1,1,2,2,Juliane
Sábado,04/04,15:00,18:00,,,,,,,,,,,,,,,,,,,,,,,,,,,
Domingo,05/04,09:00,12:00,"32,80","24,10","28,40","26,20",,L,,"26,50",,,"91,28","63,20",,"34,60","24,10","29,35","34,01","32,25","38,68","83,37","8,56",,1,1,3,2,Juliane
Domingo,05/04,15:00,18:00,,,,,,,,,,,,,,,,,,,,,,,,,,,
Segunda,06/04,09:00,12:00,"31,20","23,80","26,00","25,00",,L,,"35,75",,,"100,00","71,80",,"32,80","23,80","28,30","31,67","30,87","33,61","91,86",,,1,2,2,2,Murillo
Segunda,06/04,15:00,18:00,,,"28,80","26,60",,O,,,,,,,,,,,"34,82","33,06","39,59","83,51",,,3,2,1,3,Juliane
Terça,07/04,09:00,12:00,"32,40","23,30","28,20","26,20",,N,,"11,25",,,"75,72",,,"31,20","23,30","27,25","34,01","32,41","38,24","84,76","7,33",,1,1,2,2,Amanda
Terça,07/04,15:00,18:00,,,"28,20","27,80",,Ne,,,,,,,,,,,"37,36","37,04","38,24","96,86",,,1,2,3,3,Amanda
Quarta,08/04,09:00,12:00,"33,80","23,30","29,60","26,80",,Ne,,"9,75",,,"80,56",,,"32,40","23,30","27,85","35,23","32,99","41,46","79,57","4,91",,1,2,2,1,Amanda
Quarta,08/04,15:00,18:00,,,"28,40","26,60",,L,,,,,,,,,,,"34,82","33,38","38,68","86,29",,,2,2,1,1,Murillo 
Quinta,09/04,09:00,12:00,"32,60","24,20","29,40","27,00",,L,,"6,75",,,"85,78",,,"33,80","24,20","29,00","35,65","33,73","40,99","82,29","1,53",,1,2,2,1,Murillo
Quinta,09/04,15:00,18:00,,,"31,20","28,00",,N,,,,,,,,,,,"37,80","35,24","45,44","77,55",,,1,1,1,2,
Sexta,10/04,09:00,12:00,"33,00","23,30","29,60","26,20",,n,,"18,50",,,"100,00","64,32",,"32,60","23,30","27,95","34,01","31,29","41,46","75,47","4,28",,1,1,1,1,Amanda
Sexta,10/04,15:00,18:00,,,,,,,,,,,,,,,,,,,,,,,,,,,
Sábado,11/04,09:00,12:00,"34,80","23,80","28,20","26,00",,NE,,"2,25",,,"60,26",,,"33,00","23,80","28,40","33,61","31,85","38,24","83,30","6,31",,1,1,2,2,Sabrina
Sábado,11/04,15:00,18:00,,,,,,,,,,,,,,,,,,,,,,,,,,,
Domingo,12/04,09:00,12:00,"32,60","24,20","29,00","26,20",,L,,"55,75",,,"100,00","78,20",,"34,80","24,20","29,50","34,01","31,77","40,05","79,32",,,1,1,3,2,Sabrina
Domingo,12/04,15:00,18:00,,,,,,,,,,,,,,,,,,,,,,,,,,,
Segunda,13/04,09:00,12:00,"34,00","23,60","28,40","27,00",,L,,"7,00",,,"81,88",,,"32,60","23,60","28,10","35,65","34,53","38,68","89,26","3,32",,1,1,2,2,Murillo
Segunda,13/04,15:00,18:00,,,"30,00","26,40",,L,,,,,,,,,,,"34,41","31,53","42,43","74,33",,,1,1,1,3,Juliane
Terça,14/04,09:00,12:00,"32,40","23,80","26,20","25,00",,NE,,"46,25",,,"100,00","75,58",,"34,00","23,80","28,90","31,67","30,71","34,01","90,31",,,2,1,1,2,Murillo
Terça,14/04,15:00,18:00,,,"29,40","27,00",,L,,,,,,,,,,,"35,65","33,73","40,99","82,29",,,1,1,1,2,Juliane
Quarta,15/04,09:00,12:00,"31,40","24,60","26,40","25,00",,N,,"1,00",,,"74,00",,,"32,40","24,60","28,50","31,67","30,55","34,41","88,79","2,58",,1,3,3,3,
Quarta,15/04,15:00,18:00,,,"31,20","27,00",,L,,,,,,,,,,,"35,65","32,29","45,44","71,07",,,1,1,2,2,Juliane
Quinta,16/04,09:00,12:00,"32,80","24,00","27,40","25,80",,S,,"1,75",,,"69,12",,,"31,40","24,00","27,70","33,22","31,94","36,50","87,51","6,63",,1,2,1,2,Amanda
Quinta,16/04,15:00,18:00,,,"31,60","27,40",,L,,,,,,,,,,,"36,50","33,14","46,48","71,29",,,1,1,1,2,Sabrina
Sexta,17/04,09:00,12:00,"33,20","24,30","29,00","26,60",,N,,"2,00",,,"65,08",,,"32,80","24,30","28,55","34,82","32,90","40,05","82,15","6,04",,1,1,2,2,Amanda
Sexta,17/04,15:00,18:00,,,"26,80","24,80",,NE,,,,,,,,,,,"31,30","29,70","35,23","84,29",,,2,1,1,3,Sabrina
Sábado,18/04,09:00,12:00,"33,20","23,40","30,00","26,80",,L,,"0,25",,,"64,12",,,"33,20","23,40","28,30","35,23","32,67","42,43","77,01","1,21",,1,1,2,2,
Sábado,18/04,15:00,18:00,,,,,,,,,,,,,,,,,,,,,,,,,,,
Domingo,19/04,09:00,12:00,"33,00","24,00","25,60","24,80",,No,,"59,75",,,"100,00","89,78",,"33,20","24,00","28,60","31,30","30,66","32,82","93,40",,,3,3,3,3,Amanda
Domingo,19/04,15:00,18:00,,,,,,,,,,,,,,,,,,,,,,,,,,,
Segunda,20/04,09:00,12:00,"31,20","23,60","27,20","25,20",,L,,"112,25",,,"100,00","70,16",,"33,00","23,60","28,30","32,05","30,45","36,07","84,43",,,1,1,2,2,Murillo
Segunda,20/04,15:00,18:00,,,,,,,,,,,,,,,,,,,,,,,,,,,
Terça,21/04,09:00,12:00,"34,40","23,70","28,40","26,80",,N,,"12,00",,,"79,10","80,10",,"31,20","23,70","27,45","35,23","33,95","38,68","87,77","3,06",,1,1,2,2,Amanda
Terça,21/04,15:00,18:00,,,,,,,,,,,,,,,,,,,,,,,,,,,
Quarta,22/04,09:00,12:00,"32,40","23,80","26,40","25,00",,L,,"0,75",,,"77,32",,,"34,40","23,80","29,10","31,67","30,55","34,41","88,79","3,53",,1,1,2,2,Jhennifer e Murillo
Quarta,22/04,15:00,18:00,,,"31,00","26,40",,SE,,,,,,,,,,,"34,41","30,73","44,92","68,42",,,1,1,2,2,Sabrina 
Quinta,23/04,09:00,12:00,"32,20","24,60","28,40","26,60",,S,,"2,75",,,"77,22",,,"32,40","24,60","28,50","34,82","33,38","38,68","86,29","2,85",,1,2,2,3,"Alice, Amanda, Jhennifer e Pedro "
Quinta,23/04,15:00,18:00,,,"27,00","25,20",,NO,,,,,,,,,,,"32,05","30,61","35,65","85,87",,,1,1,3,3,Juliane
Sexta,24/04,09:00,12:00,"33,60","24,90","25,60","25,00",,O,,"18,00",,,"100,00","74,12",,"32,20","24,90","28,55","31,67","31,19","32,82","95,03",,,2,2,3,3,Amanda
Sexta,24/04,15:00,18:00,,,"25,80","24,80",,L,,,,,,,,,,,"31,30","30,50","33,22","91,82",,,1,2,1,3,Sabrina 
Sábado,25/04,09:00,12:00,"30,60","23,80","25,20","24,40",,L,,"5,75",,,"78,28",,,"33,60","23,80","28,70","30,56","29,92","32,05","93,34","1,59",,1,1,1,3,Juliane
Sábado,25/04,15:00,18:00,,,,,,,,,,,,,,,,,,,,,,,,,,,
Domingo,26/04,09:00,12:00,"30,80","23,90","28,60","25,80",,L,,"0,00",,,"75,88",,,"30,60","23,90","27,25","33,22","30,98","39,14","79,15","2,40",,1,1,3,2,Juliane
Domingo,26/04,15:00,18:00,,,,,,,,,,,,,,,,,,,,,,,,,,,
Segunda,27/04,09:00,12:00,"34,20","24,20","30,20","26,00",,L,,"0,00",,,"70,40",,,"30,80","24,20","27,50","33,61","30,25","42,92","70,49","5,48",,1,1,3,1,Jhennifer e Murillo
Segunda,27/04,15:00,18:00,,,"30,80","26,80",,N,,,,,,,,,,,"35,23","32,03","44,41","72,13",,,1,1,2,2,Sabrina
Terça,28/04,09:00,12:00,"32,40","24,20","28,80","26,60",,L,,"0,00",,,"67,98",,,"34,20","24,20","29,20","34,82","33,06","39,59","83,51","2,42",,1,1,1,2,Amanda e companhia do treinamento 
Terça,28/04,15:00,18:00,,,"33,00","27,60",,L,,,,,,,,,,,"36,92","32,60","50,30","64,82",,,1,1,1,2,Juliane
Quarta,29/04,09:00,12:00,"33,60","23,60","29,60","27,00",,N,,"0,00",,,"62,66","82,70",,"32,40","23,60","28,00","35,65","33,57","41,46","80,96","5,32",,1,2,3,2,Amanda e companhia do treinamento 
Quarta,29/04,15:00,18:00,,,"33,00","27,40",,L,,,,,,,,,,,"36,50","32,02","50,30","63,65",,,1,1,2,2,Murillo
Quinta,30/04,09:00,12:00,"35,20","23,70","29,00","27,00",,L,,"2,25",,,"80,20",,,"33,60","23,70","28,65","35,65","34,05","40,05","85,01","4,75",,1,1,1,3,"Jhennifer, Juliane, Pedro, Alice"
Quinta,30/04,15:00,18:00,,,"26,60","25,60",,L,,,,,,,,,,,"32,82","32,02","34,82","91,97",,,2,1,1,3,Juliane
Sexta,01/05,09:00,12:00,"32,80","23,40","27,60","26,00",,N,,"22,50",,,"100,00","77,68",,"35,20","23,40","29,30","33,61","32,33","36,92","87,56",,,1,1,3,3,Amanda
Sexta,01/05,15:00,18:00,,,,,,,,,,,,,,,,,,,,,,,,,,,
Sábado,02/05,09:00,12:00,"32,60","23,50","27,40","26,00",,SE,,"16,75",,,"91,80","71,26",,"32,80","23,50","28,15","33,61","32,49","36,50","89,03","23,17",,1,1,1,2,Juliane
Sábado,02/05,15:00,18:00,,,,,,,,,,,,,,,,,,,,,,,,,,,
Domingo,03/05,09:00,12:00,"30,20","23,50","27,80","26,00",,L,,"19,25",,,"83,40",,,"32,60","23,50","28,05","33,61","32,17","37,36","86,12","7,11",,1,1,2,2,Juliane
Domingo,03/05,15:00,18:00,,,,,,,,,,,,,,,,,,,,,,,,,,,
Segunda,04/05,09:00,12:00,"32,60","23,80","26,40","25,00",,L,,"36,50",,,"100,00","79,96",,"30,20","23,80","27,00","31,67","30,55","34,41","88,79",,,1,1,2,3,Amanda e cia
Segunda,04/05,15:00,18:00,,,"30,80","27,20",,O,,,,,,,,,,,"36,07","33,19","44,41","74,73",,,1,1,2,2,Juliane
Terça,05/05,09:00,12:00,"33,60","23,30","27,80","26,20",,L,,"10,75",,,"89,58","77,62",,"32,60","23,30","27,95","34,01","32,73","37,36","87,61",,,1,1,1,2,"Murillo, Jhennifer e Alice "
Terça,05/05,15:00,18:00,,,"24,20","23,60",,NE,,,,,,,,,,,"29,13","28,65","30,20","94,87",,,3,1,1,3,Juliane
Quarta,06/05,09:00,12:00,"31,40","23,10","29,00","25,60",,NE,,"45,00",,,"100,00","82,42",,"33,60","23,10","28,35","32,82","30,10","40,05","75,16",,,1,1,1,2,amanda e cia
Quarta,06/05,15:00,18:00,,,"31,20","28,20",,SE,,,,,,,,,,,"38,24","35,84","45,44","78,88",,,1,2,1,2,amanda e cia
Quinta,07/05,09:00,12:00,"33,40","23,50","28,00","25,40",,NE,,"21,50",,,"100,00","71,56",,"31,40","23,50","27,45","32,44","30,36","37,80","80,32",,,1,1,2,2,"Murillo, Jhennifer e Pedro"
Quinta,07/05,15:00,18:00,,,"31,40","27,00",,NE,,,,,,,,,,,"35,65","32,13","45,95","69,92",,,1,1,2,3,Juliane
Sexta,08/05,09:00,12:00,"33,00","24,00","26,80","25,00",,NE,,"8,75",,,"75,36",,,"33,40","24,00","28,70","31,67","30,23","35,23","85,81","4,95",,1,1,2,2,Murillo e Cia 
Sexta,08/05,15:00,18:00,,,"25,40","24,60",,L,,,,,,,,,,,"30,93","30,29","32,44","93,37",,,3,3,3,3,aMANDA
Sábado,09/05,09:00,12:00,"32,20","22,40","29,20","26,40",,S,,"51,50",,,"100,00","73,88",,"33,00","22,40","27,70","34,41","32,17","40,52","79,41",,,1,1,2,2,Murillo
Sábado,09/05,15:00,18:00,,,,,,,,,,,,,,,,,,,,,,,,,,,
Domingo,10/05,09:00,12:00,"33,00","23,20","27,80","26,00",,N,,"33,00",,,"100,00","78,68",,"32,20","23,20","27,70","33,61","32,17","37,36","86,12",,,1,1,1,2,Amanda
Domingo,10/05,15:00,18:00,,,,,,,,,,,,,,,,,,,,,,,,,,,
Segunda,11/05,09:00,12:00,"32,80","22,90","28,40","26,20",,L,,"15,30",,,"100,00","86,74",,"33,00","22,90","27,95","34,01","32,25","38,68","83,37",,,1,1,2,2,"Amanda, Pedro e Jhennifer"
Segunda,11/05,15:00,18:00,,,"32,60","27,40",,,,,,,,,,,,,"36,50","32,34","49,18","65,75",,,1,1,1,2,Juliane
Terça,12/05,09:00,12:00,"33,20","25,00","28,00","26,40",,L,,"11,50",,,"100,00","72,00",,"32,80","25,00","28,90","34,41","33,13","37,80","87,67",,,1,1,2,2,Murillo e CIA
Terça,12/05,15:00,18:00,,,"33,40","27,80",,L,,,,,,,,,,,"37,36","32,88","51,44","63,92",,,1,1,1,2,Juliane
Quarta,13/05,09:00,12:00,"34,00","23,70","25,6","24,60",,N,,"86,25",,,"100,00","66,32",,"33,20","23,70","28,45","30,93","30,13","32,82","91,78",,,1,3,3,3,Amanda e cia
Quarta,13/05,15:00,18:00,,,"29,20","25,80",,O ,,,,,,,,,,,"33,22","30,50","40,52","75,27",,,1,2,2,2,Amanda
Quinta,14/05,09:00,12:00,"30,60","22,60","25,60","24,20",,O ,,"37,25",,,"100,00","73,46",,"34,00","22,60","28,30","30,20","29,08","32,82","88,58",,,1,1,2,2,Murillo e CIA
Quinta,14/05,15:00,18:00,,,"30,00","26,40",,N,,,,,,,,,,,"34,41","31,53","42,43","74,33",,,,,,,
Sexta,15/05,09:00,12:00,"31,20","24,00","28,00","26,00",,L,,"0,00",,,"72,28",,,"30,60","24,00","27,30","33,61","32,01","37,80","84,70","1,18",,1,1,3,2,Juliane e cia
Sexta,15/05,15:00,18:00,,,"32,60","28,20",,N,,,,,,,,,,,"38,24","34,72","49,18","70,60",,,1,1,3,2,Amanda
Sábado ,16/05,09:00,12:00,"33,20","24,10","29,50","26,80",,N,,"0,00",,,"67,62",,,"31,20","24,10","27,65","35,23","33,07","41,22","80,23","4,66",,1,2,3,2,AMANDA
Sábado ,16/05,15:00,18:00,,,,,,,,,,,,,,,,,,,,,,,,,,,
Domingo,17/05,09:00,12:00,"33,00","24,50","28,60","26,60",,L,,"0,00",,,"63,04",,,"33,20","24,50","28,85","34,82","33,22","39,14","84,89","4,58",,1,1,2,2,Sabrina 
Domingo,17/05,15:00,18:00,,,,,,,,,,,,,,,,,,,,,,,,,,,
Segunda,18/05,09:00,12:00,"34,00","24,80","29,40","27,40",,L,,"1,75",,,"61,12","75,68",,"33,00","24,80","28,90","36,50","34,90","40,99","85,14","3,67",,1,1,3,2,Juliane e cia
Segunda,18/05,15:00,18:00,,,"30,40","26,40",,O,,,,,,,,,,,"34,41","31,21","43,41","71,91",,,1,1,1,2,Juliane e cia
Terça,19/05,09:00,12:00,"32,60","23,70","29,20","26,60",,L,,"18,75",,,"86,56",,,"34,00","23,70","28,85","34,82","32,74","40,52","80,81","7,87",,1,1,3,2,Murillo e Cia
Terça,19/05,15:00,18:00,,,,,,,,,,,,,,,,,,,,,,,,,,,
Quarta,20/05,09:00,12:00,"34,80","24,50","29,40","27,00",,L,,"3,75",,,"83,94",,,"32,60","24,50","28,55","35,65","33,73","40,99","82,29","6,37",,1,1,3,2,"Jhennifer, Alice e Pedro"
Quarta,20/05,15:00,18:00,,,"31,60","27,20",,L,,,,,,,,,,,"36,07","32,55","46,48","70,03",,,2,1,2,2,AMANDA
Quinta,21/05,09:00,12:00,"33,20","24,70","30,40","26,40",,N,,"0,25",,,"76,74",,,"34,80","24,70","29,75","34,41","31,21","43,41","71,91","7,45",,1,1,1,3,Amanda e cia
Quinta,21/05,15:00,18:00,,,,,,,,,,,,,,,,,,,,,,,,,,,
Sexta,22/05,09:00,12:00,"34,60","23,40","29,60","26,80",,L,,"0,00",,,"68,72",,,"33,20","23,40","28,30","35,23","32,99","41,46","79,57","8,02",,1,1,3,2,Juliane e cia
Sexta,22/05,15:00,18:00,,,"33,20","26,60",,L,,,,,,,,,,,"34,82","29,54","50,86","58,08",,,1,1,1,2,SABRINA
Sábado,23/05,09:00,12:00,"34,60","23,50","27,80","26,20",,L,,"55,50",,,"100,00","80,68",,"34,60","23,50","29,05","34,01","32,73","37,36","87,61",,,1,1,3,3,AMANDA SÓ
Sábado,23/05,15:00,18:00,,,,,,,,,,,,,,,,,,,,,,,,,,,
Domingo,24/05,09:00,12:00,"34,20","24,40","27,00","25,40",,L,,"5,00",,,"80,46",,,"34,60","24,40","29,50","32,44","31,16","35,65","87,40","5,22",,1,1,2,2,Murillo :)
Domingo,24/05,15:00,18:00,,,,,,,,,,,,,,,,,,,,,,,,,,,
Segunda,25/05,09:00,12:00,"33,80","24,10","26,00","24,20",,SO,,"48,50",,,"100,00","84,50",,"34,20","24,10","29,15","30,20","28,76","33,61","85,56",,,1,1,2,2,"Amanda, Pedro e Jhennifer"
Segunda,25/05,15:00,18:00,,,"31,60","27,00",,NE,,,,,,,,,,,,,,,,,1,1,2,2,Juliane
Terça,26/05,09:00,12:00,"33,40","24,80","28,6","26,40",,NE,,"19,00",,,"100,00","75,58",,"33,80","24,80","29,30","34,41","32,65","39,14","83,44",,,1,1,2,2,"Jhennifer, Pedro e Alice"
Terça,26/05,15:00,18:00,,,"32,20","27,00",,L,,,,,,,,,,,"35,65","31,49","48,08","65,49",,,1,1,3,2,
Quarta,27/05,09:00,12:00,"33,80","24,80","27,80","25,80",,L,,"0,00",,,"71,70",,,"33,40","24,80","29,10","33,22","31,62","37,36","84,63","3,88",,1,1,1,3,Juliane e CIA
Quarta,27/05,15:00,18:00,,,"32,50","27,80",,NE,,,,,,,,,,,"37,36","33,60","48,90","68,70",,,1,2,3,3,Amanda
Quinta,28/05,09:00,12:00,"34,00","24,80","27,80","25,60",,NE,,"18,50",,,"85,16",,,"33,80","24,80","29,30","32,82","31,06","37,36","83,15","5,04",,1,1,3,2,Juliane e CIA
Quinta,28/05,15:00,18:00,,,"33,20","28,00",,L,,,,,,,,,,,"37,80","33,64","50,86","66,13",,,1,1,2,2,Murilo
Sexta,29/05,09:00,12:00,"33,80","25,10","29,20","27,20",,NE,,"3,50",,,"84,64",,,"34,00","25,10","29,55","36,07","34,47","40,52","85,07","4,02",,1,1,2,2,"Murilo, Pedro e Jhennifer"
Sexta,29/05,15:00,18:00,,,"30,20","28,00",,O,,,,,,,,,,,"37,80","36,04","42,92","83,97",,,1,1,2,3,Murillo
Sábado,30/05,09:00,12:00,"33,40","24,10","27,00","25,80",,O,,"39,00",,,"100,00","75,00",,"33,80","24,10","28,95","33,22","32,26","35,65","90,48",,,1,1,1,2,Sabrina
Sábado,30/05,15:00,18:00,,,,,,,,,,,,,,,,,,,,,,,,,,,
Domingo,31/05,09:00,12:00,"33,60","24,30","27,80","25,40",,SE,,"16,25",,,"79,76",,,"33,40","24,30","28,85","32,44","30,52","37,36","81,69","11,49",,1,1,3,2,Juliane
Domingo,31/05,15:00,18:00,,,,,,,,,,,,,,,,,,,,,,,,,,,
Segunda,01/06,09:00,12:00,"33,40","24,30","30,20","27,40",,NE,,"0,00",,,"73,56",,,"33,60","24,30","28,95","36,50","34,26","42,92","79,82","6,20",,1,1,3,2,Murillo e CIA
Segunda,01/06,15:00,18:00,,,"33,00","27,20",,L,,,,,,,,,,,"36,07","31,43","50,30","62,49",,,1,1,1,2,sABRINA
Terça,02/06,09:00,12:00,"33,80","24,10","29,00","26,00",,NO,,"0,00",,,"72,76",,,"33,40","24,10","28,75","33,61","31,21","40,05","77,93","0,80",,1,1,3,2,Jhennifer
Terça,02/06,15:00,18:00,,,"32,40","28,00",,O,,,,,,,,,,,"37,80","34,28","48,63","70,49",,,1,1,1,2,sABRINA
Quarta,03/06,09:00,12:00,"33,80","23,50","30,00","26,60",,L,,"22,75",,,"83,10",,,"33,80","23,50","28,65","34,82","32,10","42,43","75,67","12,41",,1,1,3,2,Jhennifer e Alice
Quarta,03/06,15:00,18:00,,,"32,60","27,20",,L,,,,,,,,,,,,,,,,,1,1,1,2,
Quinta,04/06,09:00,12:00,"33,40","23,90","28,80","26,00",,L,,"0,00",,,"80,72",,,"33,80","23,90","28,85","33,61","31,37","39,59","79,24","2,38",,1,1,2,2,Sabrina 
Quinta,04/06,15:00,18:00,,,,,,,,,,,,,,,,,,,,,,,,,,,
Sexta,05/06,09:00,12:00,"33,40","24,40","29,60","26,80",,L,,"6,25",,,"81,42",,,"33,40","24,40","28,90","35,23","32,99","41,46","79,57","5,55",,1,1,2,2,Murillo
Sexta,05/06,15:00,18:00,,,,,,,,,,,,,,,,,,,,,,,,,,,
Sábado,06/06,09:00,12:00,"33,40","24,10","29,80","27,60",,L,,"19,50",,,"100,00","84,74",,"33,40","24,10","28,75","36,92","35,16","41,94","83,84","0,92",,1,1,1,1,Amanda
Sábado,06/06,15:00,18:00,,,,,,,,,,,,,,,,,,,,,,,,,,,
Domingo,07/06,09:00,12:00,"34,20","23,40","27,80","26,20",,L,,"22,00",,,"100,00","75,92",,"33,40","23,40","28,40","34,01","32,73","37,36","87,61",,,1,1,2,2,Murillo
Domingo,07/06,15:00,18:00,,,,,,,,,,,,,,,,,,,,,,,,,,,
Segunda,08/06,09:00,12:00,"34,40","23,70","29,40","26,60",,L,,"0,25",,,"71,14",,,"34,20","23,70","28,95","34,82","32,58","40,99","79,49","5,03",,1,1,3,2,Murillo e Pedro
Segunda,08/06,15:00,18:00,,,"25,60","24,80",,O,,,,,,,,,,,"31,30","30,66","32,82","93,40",,,2,1,2,3,Deni
Terça,09/06,09:00,12:00,"33,20","22,80","29,40","26,40",,L,,"34,75",,,"100,00","71,30",,"34,40","22,80","28,60","34,41","32,01","40,99","78,11",,,1,1,3,2,Murillo
Terça,09/06,15:00,18:00,,,"33,20","30,20",,N,,,,,,,,,,,"42,92","40,52","50,86","79,66",,,1,1,2,2,"Juliane, Pedro e Jhennifer"
Quarta,10/06,09:00,12:00,"33,80","23,30","29,60","27,60",,L,,"8,00",,,"73,10",,,"33,20","23,30","28,25","36,92","35,32","41,46","85,20","6,20",,1,1,3,2,Alice
Quarta,10/06,15:00,18:00,,,"26,40","25,80",,L,,,,,,,,,,,"33,22","32,74","34,41","95,12",,,1,2,1,2,AMANDA
Quinta,11/06,09:20,12:00,"33,60","22,80","27,20","26,40",,L,,"15,00",,,"83,92",,,"33,80","22,80","28,30","34,41","33,77","36,07","93,63","4,18",,1,1,1,2,Jhennifer
Quinta,11/06,15:00,18:00,,,"32,00","31,20",,L,,,,,,,,,,,"45,44","44,80","47,54","94,22",,,1,1,1,2,SABRINA
Sexta,12/06,09:00,12:00,"33,20","22,90","30,00","28,80",,L,,"0,00",,,"77,36",,,"33,60","22,90","28,25","39,59","38,63","42,43","91,06","6,56",,1,1,3,2,Pedro
Sexta,12/06,15:00,18:00,,,"33,20","32,00",,S,,,,,,,,,,,"47,54","46,58","50,86","91,58",,,1,1,1,2,Sabrina 
Sábado,13/06,09:00,12:00,"34,00","23,60","29,20","27,60",,L,,"5,00",,,"79,40",,,"33,20","23,60","28,40","36,92","35,64","40,52","87,97","2,96",,1,1,2,2,Sabrina
Sábado,13/06,15:00,18:00,,,,,,,,,,,,,,,,,,,,,,,,,,,
Domingo,14/06,09:00,12:00,"33,00","23,10","28,60","27,80",,L,,"9,75",,,"77,74",,,"34,00","23,10","28,55","37,36","36,72","39,14","93,82","11,41",,1,1,3,1,Juliane
Domingo,14/06,15:00,18:00,,,,,,,,,,,,,,,,,,,,,,,,,,,
Segunda,15/06,09:50,12:00,"34,00","24,00","29,40","28,60",,L,,"0,00",,,"73,16",,,"33,00","24,00","28,50","39,14","38,50","40,99","93,92","4,58",,1,1,3,1,Murillo
Segunda,15/06,15:00,18:00,,,"33,40","32,40",,SE,,,,,,,,,,,"48,63","47,83","51,44","92,99",,,1,1,1,2,Juliane
Terça,16/06,09:00,12:00,"34,80","24,30","29,60","26,60",,L,,"0,00",,,"68,42",,,"34,00","24,30","29,15","34,82","32,42","41,46","78,20","4,74",,1,1,2,2,Amanda e Alice
Terça,16/06,15:00,18:00,,,"33,80","33,00",,NE,,,,,,,,,,,"50,30","49,66","52,60","94,41",,,1,1,2,2,Juliane
Quarta,17/06,09:00,12:00,"34,60","24,40","29,40","27,00",,L,,"7,25",,,"71,12",,,"34,80","24,40","29,60","35,65","33,73","40,99","82,29","4,55",,1,1,3,2,Murillo
Quarta,17/06,15:00,18:00,,,"33,40","30,20",,S,,,,,,,,,,,"42,92","40,36","51,44","78,46",,,1,1,2,2,Murillo
Quinta,18/06,09:00,12:00,"34,20","22,80","29,20","26,40",,N,,"7,00",,,"73,96",,,"34,60","22,80","28,70","34,41","32,17","40,52","79,41","4,16",,1,1,1,1,Amanda e Jhennifer
Quinta,18/06,15:00,18:00,,,"33,00","29,20",,L,,,,,,,,,,,"40,52","37,48","50,30","74,51",,,1,1,1,2,SABRINA 
Sexta,19/06,09:00,12:00,"34,80","22,40","29,60","26,80",,L,,"3,26",,,"69,36",,,"34,20","22,40","28,30","35,23","32,99","41,46","79,57","7,86",,1,1,3,1,Pedro
Sexta,19/06,15:00,18:00,,,"33,20","29,20",,S,,,,,,,,,,,,,,,,,111,,,,
Sábado ,20/06,09:00,12:00,"33,80","23,10","29,00","26,40",,L,,"11,25",,,"75,28",,,"34,80","23,10","28,95","34,41","32,33","40,05","80,73","5,33",,1,2,1,1,Amanda 
Sábado ,20/06,15:00,18:00,,,,,,,,,,,,,,,,,,,,,,,,,,,
Domingo,21/06,09:00,12:00,"33,60","22,60","29,40","27,00",,L,,"1,25",,,"73,36","74,78",,"33,80","22,60","28,20","35,65","33,73","40,99","82,29","3,17",,1,1,3,1,Murillo
Domingo,21/06,15:00,18:00,,,,,,,,,,,,,,,,,,,,,,,,,,,
Segunda,22/06,09:00,12:00,"34,20","23,80","29,40","27,00",,L,,"16,50",,,"86,44",,,"33,60","23,80","28,70","35,65","33,73","40,99","82,29","4,84",,1,1,3,1,Murillo
Segunda,22/06,15:00,18:00,,,"33,00","28,40",,L,,,,,,,,,,,"38,68","35,00","50,30","69,60",,,1,1,1,2,Sabrina
Terça,23/06,09:00,12:00,"33,80","24,20","30,20","27,60",,L,,"0,00",,,"80,70",,,"34,20","24,20","29,20","36,92","34,84","42,92","81,19","5,74",,1,1,3,1,Murillo
Terça,23/06,15:00,18:00,,,"33,80","28,80",,L,,,,,,,,,,,"39,59","35,59","52,60","67,67",,,1,1,1,2,Jhennifer
Quarta,24/06,09:00,12:00,"34,80","24,20","30,20","27,60",,NE,,"2,50",,,"77,62",,,"33,80","24,20","29,00","36,92","34,84","42,92","81,19","5,58",,1,1,2,2,Murillo
Quarta,24/06,15:00,18:00,,,"33,20","29,80",,L,,,,,,,,,,,"41,94","39,22","50,86","77,11",,,1,1,1,3,Jhennifer
Quinta,25/06,09:50,12:00,"34,20","24,20","27,40","26,00",,L,,"17,00",,,"89,92",,,"34,80","24,20","29,50","33,61","32,49","36,50","89,03","4,70",,1,1,2,2,Jhennifer
Quinta,25/06,15:00,18:00,,,"33,80","28,60",,L,,,,,,,,,,,"39,14","34,98","52,60","66,50",,,1,1,1,2,Juliane
Sexta,26/06,09:00,12:00,"35,00","23,20","29,40","26,80",,L,,"18,50",,,"100,00","75,56",,"34,20","23,20","28,70","35,23","33,15","40,99","80,89",,,1,1,3,2,Murillo e Pedro
Sexta,26/06,15:00,18:00,,,"32,40","28,00",,L,,,,,,,,,,,"37,80","34,28","48,63","70,49",,,1,1,2,2,Murillo
Sábado ,27/06,09:00,12:00,"33,20","24,10","27,80","25,80",,L,,"0,00",,,"70,52",,,"35,00","24,10","29,55","33,22","31,62","37,36","84,63","5,04",,,,,,Sabrina
Sábado ,27/06,15:00,18:00,,,,,,,,,,,,,,,,,,,,,,,,,,,
Domingo,28/06,09:00,12:00,"33,00","24,10","28,60","26,40",,LE,,"0,00",,,"62,02","78,14",,"33,20","24,10","28,65","34,41","32,65","39,14","83,44","8,50",,1,1,1,2,Sabrina
Domingo,28/06,15:00,18:00,,,,,,,,,,,,,,,,,,,,,,,,,,,
Segunda,29/06,09:00,12:00,"32,60","23,80","27,40","25,80",,L,,"38,75",,,"100,00","75,62",,"33,00","23,80","28,40","33,22","31,94","36,50","87,51","0,77",,1,1,2,2,Murillo
Segunda,29/06,15:00,18:00,,,,,,,,,,,,,,,,,,,,,,,,,,,
Terça,30/06,09:00,12:00,"31,80","22,60","29,60","26,80",,L,,"8,75",,,"78,18",,,"32,60","22,60","27,60","35,23","32,99","41,46","79,57","6,19",,1,1,3,2,Sabrina
Terça,30/06,15:00,18:00,,,,,,,,,,,,,,,,,,,,,,,,,,,
Quarta,01/07,09:00,12:00,"32,80","23,10","29,40","26,80",,NE,,"0,00",,,"74,44",,,"31,80","23,10","27,45","35,23","33,15","40,99","80,89","3,74",,1,1,3,1,Jhennifer
Quarta,01/07,15:00,18:00,,,,,,,,,,,,,,,,,,,,,,,,,,,
Quinta,02/07,09:00,12:00,"33,80","24,7","29,40","26,80",,N,,"3,00",,,"73,36",,,"32,80","24,70","28,75","35,23","33,15","40,99","80,89","4,08",,1,1,1,1,aMJANDA
Quinta,02/07,15:00,18:00,,,,,,,,,,,,,,,,,,,,,,,,,,,
Sexta,03/07,09:00,12:00,"34,60","24,40","28,60","26,40",,L,,"21,25",,,"84,72",,,"33,80","24,40","29,10","34,41","32,65","39,14","83,44","9,89",,1,1,3,2,Juliane
Sexta,03/07,15:00,18:00,,,,,,,,,,,,,,,,,,,,,,,,,,,
Sábado,04/07,09:00,12:00,"33,80","23,90","29,20","27,00",,L,,"1,00",,,"80,36",,,"34,60","23,90","29,25","35,65","33,89","40,52","83,64","5,36",,1,1,3,2,Sabrina
Sábado,04/07,15:00,18:00,,,,,,,,,,,,,,,,,,,,,,,,,,,
Domingo,05/07,09:30,12:00,"34,00","24,80","28,40","26,40",,L,,"18,50",,,"90,10","75,24",,"33,80","24,80","29,30","34,41","32,81","38,68","84,82","8,76",,1,1,3,2,Juliane
Domingo,05/07,15:00,18:00,,,,,,,,,,,,,,,,,,,,,,,,,,,
Segunda,06/07,09:00,12:00,"32,40","22,90","28,60","26,60",,L,,"22,00",,,"88,64",,,"34,00","22,90","28,45","34,82","33,22","39,14","84,89","8,60",,1,1,1,1,Jhennifer
Segunda,06/07,15:00,18:00,,,"32,80","28,00",,L,,,,,,,,,,,"37,80","33,96","49,73","68,27",,,1,1,1,1,Amanda
Terça,07/07,09:00,12:00,"33,60","23,20","29,80","27,00",,L,,"3,75",,,"87,52",,,"32,40","23,20","27,80","35,65","33,41","41,94","79,66","4,87",,1,1,3,2,Murillo
Terça,07/07,15:00,18:00,,,"32,60","29,00",,O,,,,,,,,,,,"40,05","37,17","49,18","75,59",,,1,1,1,2,Sabrina
Quarta,08/07,09:00,12:00,"34,40","23,50","29,80","27,00",,L,,"0,00",,,"83,56",,,"33,60","23,50","28,55","35,65","33,41","41,94","79,66","3,96",,1,1,3,1,Alice
Quarta,08/07,15:00,18:00,,,,,,,,,,,,,,,,,,,,,,,,,,,
Quinta,09/07,09:00,12:00,"34,20","23,00","28,80","26,60",,L,,"21,25",,,"100,00","76,62",,"34,40","23,00","28,70","34,82","33,06","39,59","83,51",,,1,1,2,2,Murillo
Quinta,09/07,15:00,18:00,,,"32,40","28,20",,L,,,,,,,,,,,"38,24","34,88","48,63","71,72",,,1,1,2,1,Jhennifer
Sexta,10/07,09:00,12:00,"33,60","23,80","29,00","26,40",,L,,"0,00",,,"72,16",,,"34,20","23,80","29,00","34,41","32,33","40,05","80,73","4,46",,1,1,3,2,Pedro
Sexta,10/07,15:00,18:00,,,"31,20","27,40",,L,,,,,,,,,,,"36,50","33,46","45,44","73,63",,,1,1,1,2,Sabrinaa
Sábado,11/07,09:00,12:00,"33,20","22,40","29,00","26,60",,L,,"0,00",,,"67,20",,,"33,60","22,40","28,00","34,82","32,90","40,05","82,15","4,96",,1,1,2,2,AMANDA
Sábado,11/07,15:00,18:00,,,,,,,,,,,,,,,,,,,,,,,,,,,
Domingo,12/07,09:00,12:00,"33,00","23,3","29,00","26,60",,N,,"0,00",,,"64,50",,,"33,20","23,30","28,25","34,82","32,90","40,05","82,15","2,70",,1,1,1,1,AMANDA
Domingo,12/07,15:00,18:00,,,,,,,,,,,,,,,,,,,,,,,,,,,
Segunda,13/07,09:00,12:00,"33,80","22,90","30,00","28,40",,N,,"5,75",,,"64,82",,,"33,00","22,90","27,95","38,68","37,40","42,43","88,16","5,43",,1,2,1,1,Amanda
Segunda,13/07,15:00,18:00,,,"33,80","30,40",,L,,,,,,,,,,,"43,41","40,69","52,60","77,36",,,1,1,2,2,AMANDA
Terça,14/07,09:00,12:00,"34,80","24,10","29,60","28,00",,N,,"6,00",,,"67,46",,,"33,80","24,10","28,95","37,80","36,52","41,46","88,07","3,36",,1,1,2,2,Murillo e Pedro
Terça,14/07,15:00,18:00,,,"33,20","30,20",,L,,,,,,,,,,,"42,92","40,52","50,86","79,66",,,1,1,1,2,Sabrina
Quarta,15/07,09:00,12:00,"33,80","23,10","29,00","27,30",,L,,"1,50",,,"65,18",,,"34,80","23,10","28,95","36,28","34,92","40,05","87,19","3,78",,1,1,3,2,Murilo e Alice
Quarta,15/07,15:00,18:00,,,"33,00","30,00",,L,,,,,,,,,,,"42,43","40,03","50,30","79,58",,,1,1,1,2,Juliane
Quinta,16/07,09:00,12:00,"33,20","23,60","29,00","27,30",,L,,"0,00",,,"58,22","73,00",,"33,80","23,60","28,70","36,28","34,92","40,05","87,19","6,96",,1,1,2,2,Murillo 
Quinta,16/07,15:00,18:00,,,"31,60","29,00",,L,,,,,,,,,,,"40,05","37,97","46,48","81,70",,,1,2,3,2,Amanda
Sexta,17/07,09:00,12:00,"32,00","24,70","29,20","27,80",,NE,,"0,00",,,"71,74",,,"33,20","24,70","28,95","37,36","36,24","40,52","89,44","1,26",,1,1,1,2,Jhennifer
Sexta,17/07,15:00,18:00,,,"32,80","29,80",,L,,,,,,,,,,,"41,94","39,54","49,73","79,51",,,1,1,2,2,Murillo
Sábado,18/07,09:00,12:00,"33,20","23,40","28,80","27,60",,L,,"0,00",,,"66,32","75,06",,"32,00","23,40","27,70","36,92","35,96","39,59","90,84","5,42",,1,1,3,1,Murillo
Sábado,18/07,15:00,18:00,,,,,,,,,,,,,,,,,,,,,,,,,,,
Domingo,19/07,09:00,12:00,"33,20","23,10","29,00","26,40",,L,,"6,25",,,"69,38",,,"33,20","23,10","28,15","34,41","32,33","40,05","80,73","11,93",,1,1,2,2,
Domingo,19/07,15:00,18:00,,,,,,,,,,,,,,,,,,,,,,,,,,,
Segunda,20/07,09:00,12:00,"34,40","24,00","29,40","27,40",,L,,"17,75",,,"83,12",,,"33,20","24,00","28,60","36,50","34,90","40,99","85,14","4,01",,1,1,2,2,Murillo
Segunda,20/07,15:00,18:00,,,,,,,,,,,,,,,,,,,,,,,,,,,
Terça,21/07,09:00,12:00,"34,60","24,60","28,80","27,80",,L,,"0,00",,,"80,10",,,"34,40","24,60","29,50","37,36","36,56","39,59","92,34","3,02",,1,1,2,2,Juliane
Terça,21/07,15:00,18:00,,,,,,,,,,,,,,,,,,,,,,,,,,,
Quarta,22/07,09:00,12:00,"33,60","23,60","28,40","27,00",,L,,"0,00",,,"72,10",,,"34,60","23,60","29,10","35,65","34,53","38,68","89,26","8,00",,1,1,2,2,Juliane
Quarta,22/07,15:00,18:00,,,,,,,,,,,,,,,,,,,,,,,,,,,
Quinta,23/07,09:00,12:00,"34,00","23,20","29,40","29,00",,NE,,"3,00",,,"72,16",,,"33,60","23,20","28,40","40,05","39,73","40,99","96,94","2,94",,1,1,2,2,Juliane
Quinta,23/07,15:00,18:00,,,,,,,,,,,,,,,,,,,,,,,,,,,
Sexta,24/07,09:00,12:00,"34,80","23,70","30,00","27,20",,N,,"0,00",,,"68,80",,,"34,00","23,70","28,85","36,07","33,83","42,43","79,74","3,36",,1,2,2,2,Amanda
Sexta,04/07,15:00,18:00,,,,,,,,,,,,,,,,,,,,,,,,,,,
Sábado,25/07,09:00,12:00,"34,20","21,80","28,60","28,00",,L,,"7,75",,,"70,92",,,"34,80","21,80","28,30","37,80","37,32","39,14","95,35","5,63",,1,1,3,2,Murilo
Sábado,25/07,15:00,18:00,,,,,,,,,,,,,,,,,,,,,,,,,,,
Domingo,26/07,09:00,12:00,"35,00","22,80","29,20","28,40",,L,,"0,00",,,"64,18",,,"34,20","22,80","28,50","38,68","38,04","40,52","93,90","6,74",,1,1,3,1,Juliane 
Domingo,26/07,15:00,18:00,,,,,,,,,,,,,,,,,,,,,,,,,,,
Segunda,27/07,09:00,12:00,"34,60","23,90","31,00","27,60",,L,,"0,00",,,"61,90",,,"35,00","23,90","29,45","36,92","34,20","44,92","76,14","2,28",,1,1,2,2,Sabrina
Segunda,27/07,15:00,18:00,,,,,,,,,,,,,,,,,,,,,,,,,,,
Terça,28/07,09:00,12:00,"34,80","23,60","29,60","28,00",,L,,"0,00",,,"56,64","74,38",,"34,60","23,60","29,10","37,80","36,52","41,46","88,07","5,26",,1,1,2,2,Murillo
Terça,28-07/2020,15:00,18:00,,,,,,,,,,,,,,,,,,,,,,,,,,,
Quarta,29/07,09:00,12:00,"33,80","22,30","28,80","27,20",,L,,"0,25",,,"74,50",,,"34,80","22,30","28,55","36,07","34,79","39,59","87,87","0,13",,1,1,2,2,Sabrina
Quarta,29/07,15:00,18:00,,,,,,,,,,,,,,,,,,,,,,,,,,,
Quinta,30/07,09:00,12:00,"34,00","23,30","29,00","26,00",,L,,"0,00",,,"69,72",,,"33,80","23,30","28,55","33,61","31,21","40,05","77,93","4,78",,1,1,2,2,Sabrina
Quinta,30/07,15:00,18:00,,,,,,,,,,,,,,,,,,,,,,,,,,,
Sexta,31/07,09:00,12:00,"35,20","23,30","29,00","26,00",,L,,"4,75",,,"69,04",,,"34,00","23,30","28,65","33,61","31,21","40,05","77,93","5,43",,1,1,2,2,Murillo
Sexta,31/07,15:00,18:00,,,,,,,,,,,,,,,,,,,,,,,,,,,
Sábado,01/08,09:00,12:00,"33,20","22,00","29,00","27,00",,L,,"21,75",,,"81,32",,,"35,20","22,00","28,60","35,65","34,05","40,05","85,01","9,47",,1,1,2,2,sABRINA
Sábado,01/08,15:00,18:00,,,,,,,,,,,,,,,,,,,,,,,,,,,
Domingo,02/08,09:00,12:00,"33,80","22,60","29,60","27,40",,L,,"12,00",,,"88,16","75,42",,"33,20","22,60","27,90","36,50","34,74","41,46","83,77","5,16",,1,1,2,2,Murillo
Domingo,02/08,15:00,18:00,,,,,,,,,,,,,,,,,,,,,,,,,,,
Segunda,03/08,09:00,12:00,"34,60","24,10","29,20","28,40",,L,,"6,75",,,"78,92",,,"33,80","24,10","28,95","38,68","38,04","40,52","93,90","3,25",,1,2,1,1,Amanda
Segunda,03/08,15:00,18:00,,,"33,00","27,60",,L,,,,,,,,,,,"36,92","32,60","50,30","64,82",,,1,1,3,2,Murillo
Terça,04/08,09:00,12:00,"33,80","23,90","29,60","28,40",,L,,"0,00",,,"72,62",,,"34,60","23,90","29,25","38,68","37,72","41,46","90,99","6,30",,1,1,2,2,Murillo
Terça,04/08,15:00,18:00,,,"33,20","31,60",,L,,,,,,,,,,,"46,48","45,20","50,86","88,86",,,1,1,1,2,jULIANE
Quarta,05/08,09:00,12:00,"34,20","23,40","28,60","28,20",,L,,"0,00",,,"67,22",,,"33,80","23,40","28,60","38,24","37,92","39,14","96,89","5,40",,1,1,3,2,Amanda e Alice
Quarta,05/08,15:00,18:00,,,"33,20","27,80",,Su,,,,,,,,,,,"37,36","33,04","50,86","64,95",,,1,1,2,1,Amanda 
Quinta,06/08,09:00,12:00,"35,00","23,20","29,60","26,20",,NE,,"0,00",,,"62,02","75,04",,"34,20","23,20","28,70","34,01","31,29","41,46","75,47","5,20",,1,1,2,2,Jhennifer
Quinta,06/08,15:00,18:00,,,"33,00","27,00",,SE,,,,,,,,,,,"35,65","30,85","50,30","61,34",,,1,1,2,1,juLIANE
Sexta,07/08,09:00,12:00,"35,20","23,20","29,00","26,40",,N,,"19,75",,,"94,08","82,12",,"35,00","23,20","29,10","34,41","32,33","40,05","80,73","0,71",,1,1,1,2,Pedro
Sexta,07/08,15:00,18:00,,,"32,80","27,20",,L,,,,,,,,,,,"36,07","31,59","49,73","63,52",,,1,1,2,2,Sabrina
Sábado,08/08,09:00,12:00,"35,00","23,00","29,60","26,20",,N,,"0,00",,,"78,20",,,"35,20","23,00","29,10","34,01","31,29","41,46","75,47","3,92",,1,2,3,2,Amanda
Sábado,08/08,15:00,18:00,,,,,,,,,,,,,,,,,,,,,,,,,,,
Domingo,09/08,09:00,12:00,"34,40","23,30","28,60","26,00",,NE,,"5,00",,,"78,94",,,"35,00","23,30","29,15","33,61","31,53","39,14","80,57","4,26",,1,1,2,2,Juliane
Domingo,09/08,15:00,18:00,,,,,,,,,,,,,,,,,,,,,,,,,,,
Segunda,10/08,09:00,12:00,"34,60","23,10","29,00","26,20",,NE,,"0,00",,,"73,88",,,"34,40","23,10","28,75","34,01","31,77","40,05","79,32","5,06",,1,1,1,2,Juliane
Segunda,10/08,15:00,18:00,,,"33,60","29,70",,L,,,,,,,,,,,"41,70","38,58","52,01","74,18",,,1,1,2,2,Amanda
Terça,11/08,09:00,12:00,"34,20","24,10","29,20","26,20",,L,,"0,00",,,"71,60",,,"34,60","24,10","29,35","34,01","31,61","40,52","78,02","2,28",,1,1,2,2,Jhennifer
Terça,11/08,15:00,18:00,,,"34,20","28,60",,N,,,,,,,,,,,"39,14","34,66","53,78","64,44",,,1,1,1,2,Juliane
Quarta,12/08,09:00,12:00,"35,00","23,40","29,40","26,20",,N,,"0,00",,,"66,52",,,"34,20","23,40","28,80","34,01","31,45","40,99","76,73","5,08",,1,2,3,2,AMANDA
Quarta,12/08,15:00,18:00,,,"32,00","26,20",,NE,,,,,,,,,,,"34,01","29,37","47,54","61,78",,,1,2,3,2,Amanda
Quinta,13/08,09:00,12:00,"34,00","22,80","29,60","26,20",,L,,"0,00",,,"61,02",,,"35,00","22,80","28,90","34,01","31,29","41,46","75,47","5,50",,1,1,3,1,Sabrina
Quinta,13/08,15:00,18:00,,,"34,00","27,00",,N,,,,,,,,,,,"35,65","30,05","53,19","56,50",,,1,1,1,1,aMANDA
Sexta,14/08,09:00,12:00,"35,00","23,40","30,20","26,80",,L,,"0,00",,,"55,40",,,"34,00","23,40","28,70","35,23","32,51","42,92","75,76","5,62",,1,1,2,2,AMANDA
Sexta,14/08,15:00,18:00,,,"33,60","27,40",,L,,,,,,,,,,,"36,50","31,54","52,01","60,63",,,1,1,1,2,Pedro
Sábado,15/08,09:00,12:00,"34,80","23,60","29,80","26,40",,N,,"0,00",,,"50,80","82,56",,"35,00","23,60","29,30","34,41","31,69","41,94","75,57","4,60",,1,1,2,2,aMANDA
Sábado,15/08,15:00,18:00,,,,,,,,,,,,,,,,,,,,,,,,,,,
Domingo,16/08,09:00,12:00,"34,40","23,20","29,00","26,00",,N,,"0,00",,,"75,80",,,"34,80","23,20","29,00","33,61","31,21","40,05","77,93","6,76",,1,1,3,2,Amanda
Domingo,16/08,15:00,18:00,,,,,,,,,,,,,,,,,,,,,,,,,,,
Segunda,17/08,09:00,12:00,"34,00","23,40","28,80","26,20",,N,,"15,00",,,"81,80",,,"34,40","23,40","28,90","34,01","31,93","39,59","80,65",,,1,1,3,2,Amanda
Segunda,17/08,15:00,18:00,,,"33,00","27,60",,N,,,,,,,,,,,"36,92","32,60","50,30","64,82",,,1,1,2,1,Amanda
Terça,18/08,09:00,12:00,"33,60","21,90","28,80","26,00",,NE,,"8,25",,,"84,14",,,"34,00","21,90","27,95","33,61","31,37","39,59","79,24","5,91",,1,1,3,1,Pedro
Terça,18/08,15:00,18:00,,,"33,60","27,40",,L,,,,,,,,,,,"36,50","31,54","52,01","60,63",,,1,1,1,2,Sabrina
Quarta,19/08,09:00,12:00,"34,20","24,30","28,60","26,20",,L,,"0,00",,,"77,84",,,"33,60","24,30","28,95","34,01","32,09","39,14","82,00","6,30",,1,1,2,2,Juliane
Quarta,19/08,15:00,18:00,,,"33,20","27,00",,L,,,,,,,,,,,"35,65","30,69","50,86","60,34",,,1,1,2,2,Juliane
Quinta,20/08,09:00,12:00,"35,40","23,50","28,60","26,20",,L,,"0,00",,,"73,96",,,"34,20","23,50","28,85","34,01","32,09","39,14","82,00","3,88",,1,1,1,2,Pedro
Quinta,20/08,15:00,18:00,,,"34,00","29,00",,SU,,,,,,,,,,,"40,05","36,05","53,19","67,79",,,1,1,2,2,AMANDA
Sexta,21/08,09:00,12:00,"34,80","23,50","29,00","26,40",,L,,"0,00",,,"68,52","77,52",,"35,40","23,50","29,45","34,41","32,33","40,05","80,73","5,44",,1,2,3,2,AMANDA
Sexta,21/08,15:00,18:00,,,"33,00","27,60",,L,,,,,,,,,,,"36,92","32,60","50,30","64,82",,,1,1,3,1,aMANDA
Sábado,22/08,09:00,12:00,"34,20","23,10","27,40","24,80",,SE,,"0,00",,,"71,88",,,"34,80","23,10","28,95","31,30","29,22","36,50","80,06","5,64",,1,1,1,1,Juliane
Sábado,22/08,15:00,18:00,,,,,,,,,,,,,,,,,,,,,,,,,,,
Domingo,23/08,09:00,12:00,"35,40","22,60","29,40","27,00",,L,,"0,00",,,"66,52",,,"34,20","22,60","28,40","35,65","33,73","40,99","82,29","5,36",,1,1,3,2,Amanda
Domingo,23/08,15:00,18:00,,,,,,,,,,,,,,,,,,,,,,,,,,,
Segunda,24/08,09:00,12:00,"35,20","24,00","30,20","25,60",,L,,"0,00",,,"61,60",,,"35,40","24,00","29,70","32,82","29,14","42,92","67,91","4,92",,1,1,2,1,Amanda
Segunda,24/08,15:00,18:00,,,,,,,,,,,,,,,,,,,,,,,,,,,
Terça,25/08,09:00,12:00,"34,00","22,80","29,20","26,40",,N,,"6,00",,,"66,40",,,"35,20","22,80","29,00","34,41","32,17","40,52","79,41","1,20",,1,2,3,2,Amanda
Terça,25/08,15:00,18:00,,,,,,,,,,,,,,,,,,,,,,,,,,,
Quarta,26/08,09:00,12:00,"35,80","23,70","29,00","26,00",,N,,"0,00",,,"59,96",,,"34,00","23,70","28,85","33,61","31,21","40,05","77,93","6,44",,1,1,3,2,Amanda
Quarta,26/08,15:00,18:00,,,,,,,,,,,,,,,,,,,,,,,,,,,
Quinta,27/08,09:00,12:00,"35,20","22,60","29,20","26,00",,N,,"0,00",,,"54,32",,,"35,80","22,60","29,20","33,61","31,05","40,52","76,64","5,64",,1,1,2,2,Amanda
Quinta,27/08,15:00,18:00,,,,,,,,,,,,,,,,,,,,,,,,,,,
Sexta,28/08,09:00,12:00,"35,00","22,40","28,80","25,40",,L,,"0,00",,,"50,48","77,76",,"35,20","22,40","28,80","32,44","29,72","39,59","75,06","3,84",,1,1,1,2,Pedro
Sexta,28/08,15:00,18:00,,,,,,,,,,,,,,,,,,,,,,,,,,,
Sábado,29/08,09:00,12:00,"34,40","22,20","28,80","25,80",,N,,"0,00",,,"74,04",,,"35,00","22,20","28,60","33,22","30,82","39,59","77,83","3,72",,1,1,2,2,Amanda
Sábado,29/08,15:00,18:00,,,,,,,,,,,,,,,,,,,,,,,,,,,
Domingo,30/08,09:00,12:00,"34,80","29,40","25,80","23,40",,,,"0,00",,,"68,68",,,"34,40","29,40","31,90","28,78","26,86","33,22","80,86","5,36",,1,1,2,2,Amanda
Domingo,30/08,15:00,18:00,,,,,,,,,,,,,,,,,,,,,,,,,,,
Segunda,31/08,09:00,12:00,"34,60","23,10","29,00","26,20",,NE,,"0,00",,,"65,04",,,"34,80","23,10","28,95","34,01","31,77","40,05","79,32","3,64",,1,1,1,2,Juliane
Segunda,31/08,15:00,18:00,,,,,,,,,,,,,,,,,,,,,,,,,,,
Terça,01/09,09:00,12:00,"36,20","23,00","29,40","26,40",,N,,"0,25",,,"60,82",,,"34,60","23,00","28,80","34,41","32,01","40,99","78,11","4,47",,1,1,2,2,Amanda
Terça,01/09,15:00,18:00,,,,,,,,,,,,,,,,,,,,,,,,,,,
Quarta,02/09,09:00,12:00,"35,20","21,50","28,80","25,60",,L,,"7,00",,,"63,44",,,"36,20","21,50","28,85","32,82","30,26","39,59","76,44","4,38",,1,1,3,1,Jhennifer
Quarta,02/09,15:00,18:00,,,,,,,,,,,,,,,,,,,,,,,,,,,
Quinta,03/09,09:00,12:00,"36,20","22,40","29,40","25,40",,L,,"0,00",,,"56,20","66,36",,"35,20","22,40","28,80","32,44","29,24","40,99","71,33","7,24",,1,1,3,1,Jhennifer
Quinta,03/09,15:00,18:00,,,,,,,,,,,,,,,,,,,,,,,,,,,
Sexta,04/09,09:00,12:00,"35,00","22,00","29,00","26,20",,L,,"1,25",,,"63,14",,,"36,20","22,00","29,10","34,01","31,77","40,05","79,32","4,47",,1,1,1,2,Jhennifer
Sexta,04/09,15:00,18:00,,,,,,,,,,,,,,,,,,,,,,,,,,,
Sábado,05/09,09:00,12:00,"35,00","22,40","30,20","26,60",,L,,"0,00",,,"58,78","78,80",,"35,00","22,40","28,70","34,82","31,94","42,92","74,43","4,36",,1,1,2,1,Juliane
Sábado,05/09,15:00,18:00,,,,,,,,,,,,,,,,,,,,,,,,,,,
Domingo,06/09,09:00,12:00,"35,40","22,90","28,40","26,00",,NE,,"1,00",,,"72,84",,,"35,00","22,90","28,95","33,61","31,69","38,68","81,92","6,96",,1,1,1,2,Pedro
Domingo,06/09,15:00,18:00,,,,,,,,,,,,,,,,,,,,,,,,,,,
Segunda,07/09,09:00,12:00,"35,20","24,00","27,40","24,80",,NE,,"0,00",,,"65,86",,,"35,40","24,00","29,70","31,30","29,22","36,50","80,06","6,98",,1,1,1,2,Juliane
Segunda,07/09,15:00,18:00,,,,,,,,,,,,,,,,,,,,,,,,,,,
Terça,08/09,09:00,12:00,"35,20","21,7","30,00","26,60",,L,,"0,00",,,"63,08","76,72",,"35,20","21,70","28,45","34,82","32,10","42,43","75,67","2,78",,1,1,1,2,Jhennifer e pessoal
Terça,08/09,15:00,18:00,,,"31,80","27,60",,N,,,,,,,,,,,"36,92","33,56","47,01","71,40",,,,,,,"Amanda 1 e 2, Evandro"
Quarta,09/09,09:00,12:00,"34,40","23,30","29,60","26,60",,L,,"0,25",,,"74,42",,,"35,20","23,30","29,25","34,82","32,42","41,46","78,20","2,55",,1,1,2,2,Alice e Evandro
Quarta,09/09,15:00,18:00,,,"34,20","28,80",,SE,,,,,,,,,,,"39,59","35,27","53,78","65,58",,,1,1,2,2,Juliane
Quinta,10/09,09:00,12:00,"35,20","23,00","29,80","26,40",,L,,"0,00",,,"68,08",,,"34,40","23,00","28,70","34,41","31,69","41,94","75,57","6,34",,1,1,1,2,"Jhennifer, Amanda R, Evandro"
Quinta,10/09,15:00,18:00,,,"34,60","27,80",,L,,,,,,,,,,,"37,36","31,92","54,99","58,04",,,1,1,3,1," Juliane, Amanda R e Evandro"
Sexta,11/09,09:00,12:00,"36,00","23,30","29,60","26,40",,NE,,"0,00",,,"62,98","73,56",,"35,20","23,30","29,25","34,41","31,85","41,46","76,83","5,10",,1,1,1,2,"Pedro, Luiz Fernando"
Sexta,11/09,15:00,18:00,,,"33,80","27,40",,SE,,,,,,,,,,,"36,50","31,38","52,60","59,65",,,1,1,1,2,"Amanda 1 e 2, Evandro"
Sábado,12/09,09:00,12:00,"35,00","22,50","29,80","26,40",,N,,"0,00",,,"67,30",,,"36,00","22,50","29,25","34,41","31,69","41,94","75,57","6,26",,1,1,2,2,Amanda
Sábado,12/09,15:00,18:00,,,,,,,,,,,,,,,,,,,,,,,,,,,
Domingo,13/09,09:00,12:00,"35,80","23,10","28,60","26,00",,L,,"11,75",,,"73,82",,,"35,00","23,10","29,05","33,61","31,53","39,14","80,57","5,23",,1,1,2,2,Pedro
Domingo,13/09,15:00,18:00,,,,,,,,,,,,,,,,,,,,,,,,,,,
Segunda,14/09,09:00,12:00,"35,00","22,80","30,00","26,40",,N,,"0,00",,,"70,60",,,"35,80","22,80","29,30","34,41","31,53","42,43","74,33","3,22",,1,1,2,2,AMANDA
Segunda,14/09,15:00,18:00,,,"34,60","29,00",,NE,,,,,,,,,,,"40,05","35,57","54,99","64,69",,,1,2,2,2,AMANDA
Terça,15/09,09:00,12:00,"35,20","22,50","29,60","26,20",,NE,,"0,00",,,"65,92",,,"35,00","22,50","28,75","34,01","31,29","41,46","75,47","4,68",,1,1,3,2,"JHENNIFER, LUIZ FERNANDO"
Terça,15/09,15:00,18:00,,,"34,20","28,80",,O,,,,,,,,,,,"39,59","35,27","53,78","65,58",,,1,1,2,1,"JHENNIFER, AMANDA R, EVANDRO, AFONSO E PEDRO"
Quarta,16/09,09:00,12:00,"35,60","22,30","29,00","26,20",,NE,,"27,50",,,"80,18",,,"35,20","22,30","28,75","34,01","31,77","40,05","79,32","0,00",,1,1,2,2,Alice
Quarta,16/09,15:00,18:00,,,"34,00","28,20",,L,,,,,,,,,,,"38,24","33,60","53,19","63,17",,,1,1,3,2,AMANDA
Quinta,17/09,09:00,12:00,"35,20","23,20","29,00","25,80",,NE,,"0,00",,,"74,62",,,"35,60","23,20","29,40","33,22","30,66","40,05","76,54","5,56",,1,1,2,2,Jhennifer e Adriana
Quinta,17/09,15:00,18:00,,,,,,,,,,,,,,,,,,,,,,,,,,,
Sexta,18/09,09:00,12:00,,,,,,,,,,,,,,,,,,,,,,,,,,,
Sexta,18/09,15:00,18:00,,,,,,,,,,,,,,,,,,,,,,,,,,,
Sábado,19/09,09:00,12:00,,,,,,,,,,,,,,,,,,,,,,,,,,,
Sábado,19/09,15:00,18:00,,,,,,,,,,,,,,,,,,,,,,,,,,,
Domingo,20/09,09:00,12:00,,,,,,,,,,,,,,,,,,,,,,,,,,,
Domingo,20/09,15:00,18:00,,,,,,,,,,,,,,,,,,,,,,,,,,,
Segunda,21/09,09:00,12:00,,,,,,,,,,,,,,,,,,,,,,,,,,,
Segunda,21/09,15:00,18:00,,,,,,,,,,,,,,,,,,,,,,,,,,,
Terça,22/09,09:00,12:00,,,,,,,,,,,,,,,,,,,,,,,,,,,
Terça,22/09,15:00,18:00,,,,,,,,,,,,,,,,,,,,,,,,,,,
Quarta,23/09,09:00,12:00,,,,,,,,,,,,,,,,,,,,,,,,,,,
Quarta,23/09,15:00,18:00,,,,,,,,,,,,,,,,,,,,,,,,,,,
Quinta,24/09,09:00,12:00,,,,,,,,,,,,,,,,,,,,,,,,,,,
Quinta,24/09,15:00,18:00,,,,,,,,,,,,,,,,,,,,,,,,,,,
Sexta,25/09,09:00,12:00,,,,,,,,,,,,,,,,,,,,,,,,,,,
Sexta,25/09,15:00,18:00,,,,,,,,,,,,,,,,,,,,,,,,,,,
Sábado,26/09,09:00,12:00,,,,,,,,,,,,,,,,,,,,,,,,,,,
Sábado,26/09,15:00,18:00,,,,,,,,,,,,,,,,,,,,,,,,,,,
Domingo,27/09,09:00,12:00,,,,,,,,,,,,,,,,,,,,,,,,,,,
Domingo,27/09,15:00,18:00,,,,,,,,,,,,,,,,,,,,,,,,,,,
Segunda,28/09,09:00,12:00,,,,,,,,,,,,,,,,,,,,,,,,,,,
Segunda,28/09,15:00,18:00,,,,,,,,,,,,,,,,,,,,,,,,,,,
Terça,29/09,09:00,12:00,,,,,,,,,,,,,,,,,,,,,,,,,,,
Terça,29/09,15:00,18:00,,,,,,,,,,,,,,,,,,,,,,,,,,,
Quarta,30/09,09:00,12:00,,,,,,,,,,,,,,,,,,,,,,,,,,,
Quarta,30/09,15:00,18:00,,,,,,,,,,,,,,,,,,,,,,,,,,,
Quinta,01/10,09:00,12:00,,,,,,,,,,,,,,,,,,,,,,,,,,,
Quinta,01/10,15:00,18:00,,,,,,,,,,,,,,,,,,,,,,,,,,,
Sexta,02/10,09:00,12:00,,,,,,,,,,,,,,,,,,,,,,,,,,,
Sexta,02/10,15:00,18:00,,,,,,,,,,,,,,,,,,,,,,,,,,,
Sábado,03/10,09:00,12:00,,,,,,,,,,,,,,,,,,,,,,,,,,,
Sábado,03/10,15:00,18:00,,,,,,,,,,,,,,,,,,,,,,,,,,,
Domingo,04/10,09:00,12:00,,,,,,,,,,,,,,,,,,,,,,,,,,,
Domingo,04/10,15:00,18:00,,,,,,,,,,,,,,,,,,,,,,,,,,,
Segunda,05/10,09:00,12:00,,,,,,,,,,,,,,,,,,,,,,,,,,,
Segunda,05/10,15:00,18:00,,,,,,,,,,,,,,,,,,,,,,,,,,,
Terça,06/10,09:00,12:00,,,,,,,,,,,,,,,,,,,,,,,,,,,
Terça,06/10,15:00,18:00,,,,,,,,,,,,,,,,,,,,,,,,,,,
Quarta,07/10,09:00,12:00,,,,,,,,,,,,,,,,,,,,,,,,,,,
Quarta,07/10,15:00,18:00,,,,,,,,,,,,,,,,,,,,,,,,,,,
Quinta,08/10,09:00,12:00,,,,,,,,,,,,,,,,,,,,,,,,,,,
Quinta,08/10,15:00,18:00,,,,,,,,,,,,,,,,,,,,,,,,,,,
Sexta,09/10,09:00,12:00,,,,,,,,,,,,,,,,,,,,,,,,,,,
Sexta,09/10,15:00,18:00,,,,,,,,,,,,,,,,,,,,,,,,,,,
Sábado,10/10,09:00,12:00,,,,,,,,,,,,,,,,,,,,,,,,,,,
Sábado,10/10,15:00,18:00,,,,,,,,,,,,,,,,,,,,,,,,,,,
Domingo,11/10,09:00,12:00,,,,,,,,,,,,,,,,,,,,,,,,,,,
Domingo,11/10,15:00,18:00,,,,,,,,,,,,,,,,,,,,,,,,,,,
Segunda,12/10,09:00,12:00,,,,,,,,,,,,,,,,,,,,,,,,,,,
Segunda,12/10,15:00,18:00,,,,,,,,,,,,,,,,,,,,,,,,,,,
Terça,13/10,09:00,12:00,,,,,,,,,,,,,,,,,,,,,,,,,,,
Terça,13/10,15:00,18:00,,,,,,,,,,,,,,,,,,,,,,,,,,,
Quarta,14/10,09:00,12:00,,,,,,,,,,,,,,,,,,,,,,,,,,,
Quarta,14/10,15:00,18:00,,,,,,,,,,,,,,,,,,,,,,,,,,,
Quinta,15/10,09:00,12:00,,,,,,,,,,,,,,,,,,,,,,,,,,,
Quinta,15/10,15:00,18:00,,,,,,,,,,,,,,,,,,,,,,,,,,,
Sexta,16/10,09:00,12:00,,,,,,,,,,,,,,,,,,,,,,,,,,,
Sexta,16/10,15:00,18:00,,,,,,,,,,,,,,,,,,,,,,,,,,,
Sábado,17/10,09:00,12:00,,,,,,,,,,,,,,,,,,,,,,,,,,,
Sábado,17/10,15:00,18:00,,,,,,,,,,,,,,,,,,,,,,,,,,,
Domingo,18/10,09:00,12:00,,,,,,,,,,,,,,,,,,,,,,,,,,,
Domingo,18/10,15:00,18:00,,,,,,,,,,,,,,,,,,,,,,,,,,,
Segunda,19/10,09:00,12:00,,,,,,,,,,,,,,,,,,,,,,,,,,,
Segunda,19/10,15:00,18:00,,,,,,,,,,,,,,,,,,,,,,,,,,,
Terça,20/10,09:00,12:00,,,,,,,,,,,,,,,,,,,,,,,,,,,
Terça,20/10,15:00,18:00,,,,,,,,,,,,,,,,,,,,,,,,,,,
Quarta,21/10,09:00,12:00,,,,,,,,,,,,,,,,,,,,,,,,,,,
Quarta,21/10,15:00,18:00,,,,,,,,,,,,,,,,,,,,,,,,,,,
Quinta,22/10,09:00,12:00,,,,,,,,,,,,,,,,,,,,,,,,,,,
Quinta,22/10,15:00,18:00,,,,,,,,,,,,,,,,,,,,,,,,,,,
Sexta,23/10,09:00,12:00,,,,,,,,,,,,,,,,,,,,,,,,,,,
Sexta,23/10,15:00,18:00,,,,,,,,,,,,,,,,,,,,,,,,,,,
Sábado,24/10,09:00,12:00,,,,,,,,,,,,,,,,,,,,,,,,,,,
Sábado,24/10,15:00,18:00,,,,,,,,,,,,,,,,,,,,,,,,,,,
Domingo,25/10,09:00,12:00,,,,,,,,,,,,,,,,,,,,,,,,,,,
Domingo,25/10,15:00,18:00,,,,,,,,,,,,,,,,,,,,,,,,,,,
Segunda,26/10,09:00,12:00,,,,,,,,,,,,,,,,,,,,,,,,,,,
Segunda,26/10,15:00,18:00,,,,,,,,,,,,,,,,,,,,,,,,,,,
Terça,27/10,09:00,12:00,,,,,,,,,,,,,,,,,,,,,,,,,,,
Terça,27/10,15:00,18:00,,,,,,,,,,,,,,,,,,,,,,,,,,,
Quarta,28/10,09:00,12:00,,,,,,,,,,,,,,,,,,,,,,,,,,,
Quarta,28/10,15:00,18:00,,,,,,,,,,,,,,,,,,,,,,,,,,,
Quinta,29/10,09:00,12:00,,,,,,,,,,,,,,,,,,,,,,,,,,,
Quinta,29/10,15:00,18:00,,,,,,,,,,,,,,,,,,,,,,,,,,,
Sexta,30/10,09:00,12:00,,,,,,,,,,,,,,,,,,,,,,,,,,,
Sexta,30/10,15:00,18:00,,,,,,,,,,,,,,,,,,,,,,,,,,,
Sábado,31/10,09:00,12:00,,,,,,,,,,,,,,,,,,,,,,,,,,,
Sábado,31/10,15:00,18:00,,,,,,,,,,,,,,,,,,,,,,,,,,,
Domingo,01/11,09:00,12:00,,,,,,,,,,,,,,,,,,,,,,,,,,,
Domingo,01/11,15:00,18:00,,,,,,,,,,,,,,,,,,,,,,,,,,,
Segunda,02/11,09:00,12:00,,,,,,,,,,,,,,,,,,,,,,,,,,,
Segunda,02/11,15:00,18:00,,,,,,,,,,,,,,,,,,,,,,,,,,,
Terça,03/11,09:00,12:00,,,,,,,,,,,,,,,,,,,,,,,,,,,
Terça,03/11,15:00,18:00,,,,,,,,,,,,,,,,,,,,,,,,,,,
Quarta,04/11,09:00,12:00,,,,,,,,,,,,,,,,,,,,,,,,,,,
Quarta,04/11,15:00,18:00,,,,,,,,,,,,,,,,,,,,,,,,,,,
Quinta,05/11,09:00,12:00,,,,,,,,,,,,,,,,,,,,,,,,,,,
Quinta,05/11,15:00,18:00,,,,,,,,,,,,,,,,,,,,,,,,,,,
Sexta,06/11,09:00,12:00,,,,,,,,,,,,,,,,,,,,,,,,,,,
Sexta,06/11,15:00,18:00,,,,,,,,,,,,,,,,,,,,,,,,,,,
Sábado,07/11,09:00,12:00,,,,,,,,,,,,,,,,,,,,,,,,,,,
Sábado,07/11,15:00,18:00,,,,,,,,,,,,,,,,,,,,,,,,,,,
Domingo,08/11,09:00,12:00,,,,,,,,,,,,,,,,,,,,,,,,,,,
Domingo,08/11,15:00,18:00,,,,,,,,,,,,,,,,,,,,,,,,,,,
Segunda,09/11,09:00,12:00,,,,,,,,,,,,,,,,,,,,,,,,,,,
Segunda,09/11,15:00,18:00,,,,,,,,,,,,,,,,,,,,,,,,,,,
Terça,10/11,09:00,12:00,,,,,,,,,,,,,,,,,,,,,,,,,,,
Terça,10/11,15:00,18:00,,,,,,,,,,,,,,,,,,,,,,,,,,,
Quarta,11/11,09:00,12:00,,,,,,,,,,,,,,,,,,,,,,,,,,,
Quarta,11/11,15:00,18:00,,,,,,,,,,,,,,,,,,,,,,,,,,,
Quinta,12/11,09:00,12:00,,,,,,,,,,,,,,,,,,,,,,,,,,,
Quinta,12/11,15:00,18:00,,,,,,,,,,,,,,,,,,,,,,,,,,,
Sexta,13/11,09:00,12:00,,,,,,,,,,,,,,,,,,,,,,,,,,,
Sexta,13/11,15:00,18:00,,,,,,,,,,,,,,,,,,,,,,,,,,,
Sábado,14/11,09:00,12:00,,,,,,,,,,,,,,,,,,,,,,,,,,,
Sábado,14/11,15:00,18:00,,,,,,,,,,,,,,,,,,,,,,,,,,,
Domingo,15/11,09:00,12:00,,,,,,,,,,,,,,,,,,,,,,,,,,,
Domingo,15/11,15:00,18:00,,,,,,,,,,,,,,,,,,,,,,,,,,,
Segunda,16/11,09:00,12:00,,,,,,,,,,,,,,,,,,,,,,,,,,,
Segunda,16/11,15:00,18:00,,,,,,,,,,,,,,,,,,,,,,,,,,,
Terça,17/11,09:00,12:00,,,,,,,,,,,,,,,,,,,,,,,,,,,
Terça,17/11,15:00,18:00,,,,,,,,,,,,,,,,,,,,,,,,,,,
Quarta,18/11,09:00,12:00,,,,,,,,,,,,,,,,,,,,,,,,,,,
Quarta,18/11,15:00,18:00,,,,,,,,,,,,,,,,,,,,,,,,,,,
Quinta,19/11,09:00,12:00,,,,,,,,,,,,,,,,,,,,,,,,,,,
Quinta,19/11,15:00,18:00,,,,,,,,,,,,,,,,,,,,,,,,,,,
Sexta,20/11,09:00,12:00,,,,,,,,,,,,,,,,,,,,,,,,,,,
Sexta,20/11,15:00,18:00,,,,,,,,,,,,,,,,,,,,,,,,,,,
Sábado,21/11,09:00,12:00,,,,,,,,,,,,,,,,,,,,,,,,,,,
Sábado,21/11,15:00,18:00,,,,,,,,,,,,,,,,,,,,,,,,,,,
Domingo,22/11,09:00,12:00,,,,,,,,,,,,,,,,,,,,,,,,,,,
Domingo,22/11,15:00,18:00,,,,,,,,,,,,,,,,,,,,,,,,,,,
Segunda,23/11,09:00,12:00,,,,,,,,,,,,,,,,,,,,,,,,,,,
Segunda,23/11,15:00,18:00,,,,,,,,,,,,,,,,,,,,,,,,,,,
Terça,24/11,09:00,12:00,,,,,,,,,,,,,,,,,,,,,,,,,,,
Terça,24/11,15:00,18:00,,,,,,,,,,,,,,,,,,,,,,,,,,,
Quarta,25/11,09:00,12:00,,,,,,,,,,,,,,,,,,,,,,,,,,,
Quarta,25/11,15:00,18:00,,,,,,,,,,,,,,,,,,,,,,,,,,,
Quinta,26/11,09:00,12:00,,,,,,,,,,,,,,,,,,,,,,,,,,,
Quinta,26/11,15:00,18:00,,,,,,,,,,,,,,,,,,,,,,,,,,,
Sexta,27/11,09:00,12:00,,,,,,,,,,,,,,,,,,,,,,,,,,,
Sexta,27/11,15:00,18:00,,,,,,,,,,,,,,,,,,,,,,,,,,,
Sábado,28/11,09:00,12:00,,,,,,,,,,,,,,,,,,,,,,,,,,,
Sábado,28/11,15:00,18:00,,,,,,,,,,,,,,,,,,,,,,,,,,,
Domingo,29/11,09:00,12:00,,,,,,,,,,,,,,,,,,,,,,,,,,,
Domingo,29/11,15:00,18:00,,,,,,,,,,,,,,,,,,,,,,,,,,,
Segunda,30/11,09:00,12:00,,,,,,,,,,,,,,,,,,,,,,,,,,,
Segunda,30/11,15:00,18:00,,,,,,,,,,,,,,,,,,,,,,,,,,,
Terça,01/12,09:00,12:00,,,,,,,,,,,,,,,,,,,,,,,,,,,
Terça,01/12,15:00,18:00,,,,,,,,,,,,,,,,,,,,,,,,,,,
Quarta,02/12,09:00,12:00,,,,,,,,,,,,,,,,,,,,,,,,,,,
Quarta,02/12,15:00,18:00,,,,,,,,,,,,,,,,,,,,,,,,,,,
Quinta,03/12,09:00,12:00,,,,,,,,,,,,,,,,,,,,,,,,,,,
Quinta,03/12,15:00,18:00,,,,,,,,,,,,,,,,,,,,,,,,,,,
Sexta,04/12,09:00,12:00,,,,,,,,,,,,,,,,,,,,,,,,,,,
Sexta,04/12,15:00,18:00,,,,,,,,,,,,,,,,,,,,,,,,,,,
Sábado,05/12,09:00,12:00,,,,,,,,,,,,,,,,,,,,,,,,,,,
Sábado,05/12,15:00,18:00,,,,,,,,,,,,,,,,,,,,,,,,,,,
Domingo,06/12,09:00,12:00,,,,,,,,,,,,,,,,,,,,,,,,,,,
Domingo,06/12,15:00,18:00,,,,,,,,,,,,,,,,,,,,,,,,,,,
Segunda,07/12,09:00,12:00,,,,,,,,,,,,,,,,,,,,,,,,,,,
Segunda,07/12,15:00,18:00,,,,,,,,,,,,,,,,,,,,,,,,,,,
Terça,08/12,09:00,12:00,,,,,,,,,,,,,,,,,,,,,,,,,,,
Terça,08/12,15:00,18:00,,,,,,,,,,,,,,,,,,,,,,,,,,,
Quarta,09/12,09:00,12:00,,,,,,,,,,,,,,,,,,,,,,,,,,,
Quarta,09/12,15:00,18:00,,,,,,,,,,,,,,,,,,,,,,,,,,,
Quinta,10/12,09:00,12:00,,,,,,,,,,,,,,,,,,,,,,,,,,,
Quinta,10/12,15:00,18:00,,,,,,,,,,,,,,,,,,,,,,,,,,,
Sexta,11/12,09:00,12:00,,,,,,,,,,,,,,,,,,,,,,,,,,,
Sexta,11/12,15:00,18:00,,,,,,,,,,,,,,,,,,,,,,,,,,,
Sábado,12/12,09:00,12:00,,,,,,,,,,,,,,,,,,,,,,,,,,,
Sábado,12/12,15:00,18:00,,,,,,,,,,,,,,,,,,,,,,,,,,,
Domingo,13/12,09:00,12:00,,,,,,,,,,,,,,,,,,,,,,,,,,,
Domingo,13/12,15:00,18:00,,,,,,,,,,,,,,,,,,,,,,,,,,,
Segunda,14/12,09:00,12:00,,,,,,,,,,,,,,,,,,,,,,,,,,,
Segunda,14/12,15:00,18:00,,,,,,,,,,,,,,,,,,,,,,,,,,,
Terça,15/12,09:00,12:00,,,,,,,,,,,,,,,,,,,,,,,,,,,
Terça,15/12,15:00,18:00,,,,,,,,,,,,,,,,,,,,,,,,,,,
Quarta,16/12,09:00,12:00,,,,,,,,,,,,,,,,,,,,,,,,,,,
Quarta,16/12,15:00,18:00,,,,,,,,,,,,,,,,,,,,,,,,,,,
Quinta,17/12,09:00,12:00,,,,,,,,,,,,,,,,,,,,,,,,,,,
Quinta,17/12,15:00,18:00,,,,,,,,,,,,,,,,,,,,,,,,,,,
Sexta,18/12,09:00,12:00,,,,,,,,,,,,,,,,,,,,,,,,,,,
Sexta,18/12,15:00,18:00,,,,,,,,,,,,,,,,,,,,,,,,,,,
Sábado,19/12,09:00,12:00,,,,,,,,,,,,,,,,,,,,,,,,,,,
Sábado,19/12,15:00,18:00,,,,,,,,,,,,,,,,,,,,,,,,,,,
Domingo,20/12,09:00,12:00,,,,,,,,,,,,,,,,,,,,,,,,,,,
Domingo,20/12,15:00,18:00,,,,,,,,,,,,,,,,,,,,,,,,,,,
Segunda,21/12,09:00,12:00,,,,,,,,,,,,,,,,,,,,,,,,,,,
Segunda,21/12,15:00,18:00,,,,,,,,,,,,,,,,,,,,,,,,,,,
Terça,22/12,09:00,12:00,,,,,,,,,,,,,,,,,,,,,,,,,,,
Terça,22/12,15:00,18:00,,,,,,,,,,,,,,,,,,,,,,,,,,,
Quarta,23/12,09:00,12:00,,,,,,,,,,,,,,,,,,,,,,,,,,,
Quarta,23/12,15:00,18:00,,,,,,,,,,,,,,,,,,,,,,,,,,,
Quinta,24/12,09:00,12:00,,,,,,,,,,,,,,,,,,,,,,,,,,,
Quinta,24/12,15:00,18:00,,,,,,,,,,,,,,,,,,,,,,,,,,,
Sexta,25/12,09:00,12:00,,,,,,,,,,,,,,,,,,,,,,,,,,,
Sexta,25/12,15:00,18:00,,,,,,,,,,,,,,,,,,,,,,,,,,,
Sábado,26/12,09:00,12:00,,,,,,,,,,,,,,,,,,,,,,,,,,,
Sábado,26/12,15:00,18:00,,,,,,,,,,,,,,,,,,,,,,,,,,,
Domingo,27/12,09:00,12:00,,,,,,,,,,,,,,,,,,,,,,,,,,,
Domingo,27/12,15:00,18:00,,,,,,,,,,,,,,,,,,,,,,,,,,,
Segunda,28/12,09:00,12:00,,,,,,,,,,,,,,,,,,,,,,,,,,,
Segunda,28/12,15:00,18:00,,,,,,,,,,,,,,,,,,,,,,,,,,,
Terça,29/12,09:00,12:00,,,,,,,,,,,,,,,,,,,,,,,,,,,
Terça,29/12,15:00,18:00,,,,,,,,,,,,,,,,,,,,,,,,,,,
Quarta,30/12,09:00,12:00,,,,,,,,,,,,,,,,,,,,,,,,,,,
Quarta,30/12,15:00,18:00,,,,,,,,,,,,,,,,,,,,,,,,,,,
Quinta,31/12,09:00,12:00,,,,,,,,,,,,,,,,,,,,,,,,,,,
Quinta,31/12,15:00,18:00,,,,,,,,,,,,,,,,,,,,,,,,,,,
Sexta,,09:00,12:00,,,,,,,,,,,,,,,,,,,,,,,,,,,
Sexta,,15:00,18:00,,,,,,,,,,,,,,,,,,,,,,,,,,,